operation,randomOffset,transferSize,aggregateFilesizeMB,numTasks,totalTime,numNodes,tasksPerNode,bwMiB,storageType,opCount,taskName,taskPID,fileName
0,0,3723.344805,10.73069382,300,0.733048881,1,300,14.63844239,1,3022,freq,188417,chr.tar.gz
1,0,1950.282504,5.79369545,300,0.662349193,1,300,8.74719183,1,3115,freq,188417,chr.tar.gz
0,0,75453,0.071957588,300,1.77E-05,1,300,4074.377906,1,1,indiv,147697,chr.tar.gz
1,0,8191.921474,2421.758036,300,30.01787515,1,300,80.6771973,1,309988,indiv,147697,columns.txt
0,0,84798,0.080869675,300,2.66E-05,1,300,3037.815059,1,1,indiv,150509,chr.tar.gz
1,0,8191.922137,2421.703545,300,31.22893613,1,300,77.54678335,1,309981,indiv,150509,columns.txt
0,0,71049,0.067757607,300,2.30E-05,1,300,2947.264311,1,1,indiv,146432,chr.tar.gz
1,0,8191.921474,2421.758036,300,36.04550672,1,300,67.18612821,1,309988,indiv,146432,columns.txt
0,0,85370,0.081415176,300,1.97E-05,1,300,4128.558641,1,1,indiv,149716,chr.tar.gz
1,0,8191.922788,2421.789674,300,29.87794161,1,300,81.05610839,1,309992,indiv,149716,ALL.chr.250000.vcf
0,0,80959,0.077208519,300,1.67E-05,1,300,4620.497845,1,1,indiv,144737,chr.tar.gz
1,0,8191.930583,2421.83104,300,75.73037401,1,300,31.97965244,1,309997,indiv,144737,ALL.chr.250000.vcf
0,0,87518,0.083463669,300,2.24E-05,1,300,3734.225262,1,1,indiv,145669,chr.tar.gz
1,0,8191.91228,2421.833442,300,30.31552975,1,300,79.88755143,1,309998,indiv,145669,columns.txt
0,0,90931,0.086718559,300,3.26E-05,1,300,2659.99691,1,1,indiv,150133,chr.tar.gz
1,0,8191.927605,2421.806723,300,17.69924075,1,300,136.831108,1,309994,indiv,150133,columns.txt
0,0,93897,0.089547157,300,2.25E-05,1,300,3986.784083,1,1,indiv,148888,chr.tar.gz
1,0,8191.922137,2421.703545,300,35.17781594,1,300,68.84178225,1,309981,indiv,148888,ALL.chr.250000.vcf
0,0,456.0999334,1.305782318,300,13.62556352,1,300,0.095833271,1,3002,mutat,158226,
1,0,41514.87611,4.473858833,300,0.019729679,1,300,226.7578116,1,113,mutat,158226,columns.txt
0,0,81704,0.077919006,300,2.25E-05,1,300,3461.528492,1,1,indiv,148727,chr.tar.gz
1,0,8191.91223,2421.794365,300,24.51174822,1,300,98.80137246,1,309993,indiv,148727,columns.txt
0,0,89298,0.085161209,300,1.79E-05,1,300,4768.264788,1,1,indiv,148556,chr.tar.gz
1,0,8191.91228,2421.833442,300,35.23293832,1,300,68.73776522,1,309998,indiv,148556,ALL.chr.250000.vcf
0,0,116553.1111,1.000383377,300,0.003397716,1,300,294.4281915,1,9,indiv,188402,chr.tar.gz
1,0,33295.9845,4.096204758,300,0.018431423,1,300,222.2402881,1,129,indiv,188402,chr.tar.gz
0,0,85911,0.081931114,300,1.82E-05,1,300,4491.837401,1,1,indiv,144767,chr.tar.gz
1,0,8191.929238,2421.815018,300,72.18623041,1,300,33.54954268,1,309995,indiv,144767,ALL.chr.250000.vcf
0,0,74096,0.070663452,300,2.71E-05,1,300,2610.30077,1,1,indiv,148463,chr.tar.gz
1,0,8191.927605,2421.806723,300,19.10296114,1,300,126.7765089,1,309994,indiv,148463,columns.txt
0,0,93324,0.089000702,300,2.26E-05,1,300,3936.168321,1,1,indiv,149994,chr.tar.gz
1,0,8191.911931,2421.802089,300,18.64036119,1,300,129.9224872,1,309994,indiv,149994,ALL.chr.250000.vcf
0,0,82791,0.07895565,300,3.22E-05,1,300,2451.962682,1,1,indiv,145388,chr.tar.gz
1,0,8191.922788,2421.789674,300,14.35859656,1,300,168.66479,1,309992,indiv,145388,ALL.chr.250000.vcf
0,0,105722,0.100824356,300,3.71E-05,1,300,2715.368724,1,1,indiv,150840,chr.tar.gz
1,0,8191.922788,2421.789674,300,24.86315679,1,300,97.40475412,1,309992,indiv,150840,columns.txt
0,0,143773.7778,1.234020233,300,0.003397448,1,300,363.2197559,1,9,mutat,35208,chr.tar.gz
1,0,36535.72549,3.554004669,300,0.078106491,1,300,45.50203989,1,102,mutat,35208,chr.tar.gz
0,0,156351,1.341971397,300,0.002425001,1,300,553.3900388,1,9,mutat,153558,chr.tar.gz
1,0,47384.97521,5.467969894,300,0.01389542,1,300,393.5087888,1,121,mutat,153558,SIFT.chr.txt
0,0,66689,0.063599586,300,2.08E-05,1,300,3061.94148,1,1,indiv,144739,chr.tar.gz
1,0,8191.930583,2421.83104,300,75.79167262,1,300,31.95378802,1,309997,indiv,144739,columns.txt
0,0,429718.6316,15.57284164,300,0.025366893,1,300,613.9041799,1,38,indiv,153269,chr.tar.gz
1,0,141879.5909,17.86051369,300,0.024504778,1,300,728.8584164,1,132,indiv,153269,chr.tar.gz
0,0,73715,0.070300102,300,1.68E-05,1,300,4184.529895,1,1,indiv,147749,chr.tar.gz
1,0,8191.921474,2421.758036,300,30.87151032,1,300,78.4463737,1,309988,indiv,147749,ALL.chr.250000.vcf
0,0,74948,0.071475983,300,1.80E-05,1,300,3972.874363,1,1,indiv,144779,chr.tar.gz
1,0,8191.930583,2421.83104,300,74.9240962,1,300,32.32379386,1,309997,indiv,144779,ALL.chr.250000.vcf
0,0,79312,0.075637817,300,1.86E-05,1,300,4072.899541,1,1,indiv,147654,chr.tar.gz
1,0,8191.91228,2421.833442,300,17.86695632,1,300,135.5481817,1,309998,indiv,147654,ALL.chr.250000.vcf
0,0,201047.8,1.917341232,300,0.002800854,1,300,684.5559363,1,10,mutat,153455,chr.tar.gz
1,0,33442.98718,4.975419998,300,0.013921251,1,300,357.397478,1,156,mutat,153455,SIFT.chr.txt
0,0,97416,0.092903137,300,2.18E-05,1,300,4269.249447,1,1,indiv,150778,chr.tar.gz
1,0,8191.927605,2421.806723,300,24.52760999,1,300,98.73798237,1,309994,indiv,150778,ALL.chr.250000.vcf
0,0,98971,0.094386101,300,2.50E-05,1,300,3782.858433,1,1,indiv,147062,chr.tar.gz
1,0,8191.922788,2421.789674,300,16.47923055,1,300,146.9601185,1,309992,indiv,147062,columns.txt
0,0,135926.5556,1.166666985,300,0.016968436,1,300,68.75512773,1,9,mutat,220372,chr.tar.gz
1,0,28604.33548,4.228279114,300,0.048430034,1,300,87.3069615,1,155,mutat,220372,columns.txt
0,0,87661,0.083600044,300,2.47E-05,1,300,3388.595689,1,1,indiv,144469,chr.tar.gz
1,0,8191.91223,2421.794365,300,25.04199424,1,300,96.70932523,1,309993,indiv,144469,columns.txt
0,0,100251,0.095606804,300,2.94E-05,1,300,3249.610955,1,1,indiv,149426,chr.tar.gz
1,0,8191.911931,2421.802089,300,16.91508166,1,300,143.1741293,1,309994,indiv,149426,ALL.chr.250000.vcf
0,0,145081.5,1.383605003,300,0.002961271,1,300,467.2334965,1,10,mutat,171910,chr.tar.gz
1,0,23270.62555,5.037719727,300,0.037573779,1,300,134.0754074,1,227,mutat,171910,columns.txt
0,0,378.7826501,0.757871628,300,11.14675926,1,300,0.067990311,1,2098,indiv,226305,
1,0,55008.53636,5.770625114,300,0.154379175,1,300,37.37955663,1,110,indiv,226305,chr.tar.gz
0,0,94521,0.09014225,300,1.87E-05,1,300,4812.720238,1,1,indiv,150269,chr.tar.gz
1,0,8191.922788,2421.789674,300,21.64502205,1,300,111.8866808,1,309992,indiv,150269,ALL.chr.250000.vcf
0,0,4393.270985,12.6781826,300,2.879637789,1,300,4.402700454,1,3026,freq,153481,chr.tar.gz
1,0,2191.494516,6.478913307,300,0.572136626,1,300,11.32406669,1,3100,freq,153481,chr.tar.gz
0,0,82108,0.078304291,300,2.61E-05,1,300,2996.605211,1,1,indiv,148177,chr.tar.gz
1,0,8191.927605,2421.806723,300,26.15836743,1,300,92.58248738,1,309994,indiv,148177,ALL.chr.250000.vcf
0,0,68948,0.065753937,300,2.30E-05,1,300,2853.779644,1,1,indiv,146921,chr.tar.gz
1,0,8191.91228,2421.833442,300,18.3880326,1,300,131.7070453,1,309998,indiv,146921,ALL.chr.250000.vcf
0,0,101929,0.097207069,300,1.80E-05,1,300,5406.399855,1,1,indiv,149154,chr.tar.gz
1,0,8191.922137,2421.703545,300,32.78252202,1,300,73.87178884,1,309981,indiv,149154,ALL.chr.250000.vcf
0,0,88379,0.084284782,300,3.14E-05,1,300,2681.581318,1,1,indiv,145595,chr.tar.gz
1,0,8191.91228,2421.833442,300,21.20135817,1,300,114.2301084,1,309998,indiv,145595,columns.txt
0,0,492009.75,3.753736496,300,0.004867989,1,300,771.1061993,1,8,merge,151622,chr.tar.gz
1,0,1471.216816,2.653189659,300,0.365649928,1,300,7.256092388,1,1891,merge,151622,chr.tar.gz
0,0,74745,0.071282387,300,1.37E-05,1,300,5187.569084,1,1,indiv,150808,chr.tar.gz
1,0,8191.929238,2421.815018,300,39.88319821,1,300,60.7226884,1,309995,indiv,150808,columns.txt
0,0,96037,0.09158802,300,3.02E-05,1,300,3033.619964,1,1,indiv,145332,chr.tar.gz
1,0,8191.911931,2421.802089,300,15.51624173,1,300,156.0817452,1,309994,indiv,145332,ALL.chr.250000.vcf
0,0,85873,0.081894875,300,2.84E-05,1,300,2879.465369,1,1,indiv,147900,chr.tar.gz
1,0,8191.922137,2421.703545,300,33.3414195,1,300,72.63348654,1,309981,indiv,147900,ALL.chr.250000.vcf
0,0,171724.4444,1.473922729,300,0.001839351,1,300,801.3276039,1,9,mutat,153298,chr.tar.gz
1,0,30718.44516,4.540785789,300,0.015510206,1,300,292.7611528,1,155,mutat,153298,columns.txt
0,0,72814,0.069440842,300,2.60E-05,1,300,2669.672126,1,1,indiv,145573,chr.tar.gz
1,0,8191.9288,2422.072699,300,7.871568549,1,300,307.6988638,1,310028,indiv,145573,ALL.chr.250000.vcf
0,0,82169,0.078362465,300,1.55E-05,1,300,5071.675937,1,1,indiv,146355,chr.tar.gz
1,0,8191.91223,2421.794365,300,19.34649967,1,300,125.179976,1,309993,indiv,146355,ALL.chr.250000.vcf
0,0,90942,0.08672905,300,1.90E-05,1,300,4567.090557,1,1,indiv,145386,chr.tar.gz
1,0,8191.921474,2421.758036,300,30.8776357,1,300,78.43081185,1,309988,indiv,145386,columns.txt
0,0,1251.285904,3.589504242,300,14.03447214,1,300,0.255763395,1,3008,freq,155749,chr.tar.gz
1,0,1539.610159,4.625102997,300,0.569408355,1,300,8.122646878,1,3150,freq,155749,columns.txt
0,0,76378,0.072839737,300,2.81E-05,1,300,2594.839405,1,1,indiv,150533,chr.tar.gz
1,0,8191.927605,2421.806723,300,16.88406845,1,300,143.4373907,1,309994,indiv,150533,ALL.chr.250000.vcf
0,0,104474,0.099634171,300,3.57E-05,1,300,2793.142063,1,1,indiv,146377,chr.tar.gz
1,0,8191.927605,2421.806723,300,19.74755476,1,300,122.638309,1,309994,indiv,146377,ALL.chr.250000.vcf
1,0,32765.82065,1051.492562,300,4.382635869,1,300,239.9224106,1,33650,sift,151664,ALL.phase3
1,0,32765.57041,1087.450615,300,3.312983872,1,300,328.2390307,1,34801,sift,151669,ALL.phase3
0,0,76695,0.073142052,300,1.75E-05,1,300,4189.120945,1,1,indiv,144761,chr.tar.gz
1,0,8191.930583,2421.83104,300,75.78745354,1,300,31.95556688,1,309997,indiv,144761,columns.txt
0,0,104937,0.100075722,300,3.68E-05,1,300,2717.086277,1,1,indiv,150417,chr.tar.gz
1,0,8191.929238,2421.815018,300,31.0112124,1,300,78.09481896,1,309995,indiv,150417,columns.txt
0,0,96721.44444,0.830166817,300,0.001248618,1,300,664.868532,1,9,mutat,153439,chr.tar.gz
1,0,55963.06604,5.657277107,300,0.013323591,1,300,424.6060321,1,106,mutat,153439,columns.txt
0,0,122394,0.116724014,300,3.69E-05,1,300,3165.7404,1,1,indiv,148318,chr.tar.gz
1,0,8191.922137,2421.703545,300,33.95289667,1,300,71.32538848,1,309981,indiv,148318,ALL.chr.250000.vcf
0,0,72246,0.068899155,300,1.86E-05,1,300,3706.048877,1,1,indiv,144755,chr.tar.gz
1,0,8191.929238,2421.815018,300,71.70471928,1,300,33.77483437,1,309995,indiv,144755,columns.txt
0,0,157323.1111,1.350315094,300,0.001830759,1,300,737.5711899,1,9,mutat,153406,chr.tar.gz
1,0,39294.47727,4.946585655,300,0.023584741,1,300,209.7366961,1,132,mutat,153406,SIFT.chr.txt
0,0,442198.5,2.530280113,300,0.003608004,1,300,701.2963714,1,6,merge,151563,chr.tar.gz
1,0,1413.499732,2.516750336,300,0.312188676,1,300,8.061632369,1,1867,merge,151563,chr.tar.gz
0,0,97781,0.093251228,300,3.82E-05,1,300,2438.514378,1,1,indiv,144423,chr.tar.gz
1,0,8191.91223,2421.794365,300,25.02585721,1,300,96.77168476,1,309993,indiv,144423,columns.txt
0,0,518.979021,1.4862957,300,0.712118866,1,300,2.087145519,1,3003,freq,188246,chr.tar.gz
1,0,1218.083575,3.59996891,300,0.53531441,1,300,6.72496171,1,3099,freq,188246,SIFT.chr.txt
0,0,94040,0.089683533,300,2.51E-05,1,300,3570.062208,1,1,indiv,146209,chr.tar.gz
1,0,8191.91228,2421.833442,300,20.6381245,1,300,117.3475546,1,309998,indiv,146209,columns.txt
0,0,90013,0.085843086,300,3.76E-05,1,300,2284.215062,1,1,indiv,145990,chr.tar.gz
1,0,8191.927605,2421.806723,300,19.11800268,1,300,126.6767645,1,309994,indiv,145990,columns.txt
0,0,111313,0.106156349,300,2.15E-05,1,300,4941.871849,1,1,indiv,148214,chr.tar.gz
1,0,8191.911931,2421.802089,300,25.2442725,1,300,95.93471504,1,309994,indiv,148214,ALL.chr.250000.vcf
0,0,74572,0.071117401,300,1.59E-05,1,300,4475.325727,1,1,indiv,147502,chr.tar.gz
1,0,8191.921474,2421.758036,300,30.63649756,1,300,79.04813634,1,309988,indiv,147502,ALL.chr.250000.vcf
0,0,53800,0.051307678,300,1.94E-05,1,300,2650.053108,1,1,indiv,149470,chr.tar.gz
1,0,8191.911931,2421.802089,300,18.67168946,1,300,129.704497,1,309994,indiv,149470,columns.txt
0,0,76823,0.073264122,300,1.56E-05,1,300,4711.216128,1,1,indiv,150678,chr.tar.gz
1,0,8191.91228,2421.833442,300,22.51333313,1,300,107.5732957,1,309998,indiv,150678,ALL.chr.250000.vcf
0,0,48599,0.046347618,300,2.35E-05,1,300,1975.517587,1,1,indiv,146855,chr.tar.gz
1,0,8191.9288,2422.072699,300,18.13089306,1,300,133.5881631,1,310028,indiv,146855,ALL.chr.250000.vcf
0,0,71175,0.067877769,300,1.81E-05,1,300,3749.94583,1,1,indiv,150374,chr.tar.gz
1,0,8191.9288,2422.072699,300,21.86331111,1,300,110.7825199,1,310028,indiv,150374,columns.txt
0,0,389.3793103,0.786128998,300,10.21594751,1,300,0.076951159,1,2117,indiv,238929,
1,0,28896.76596,2.590461731,300,0.015339096,1,300,168.879687,1,94,indiv,238929,SIFT.chr.txt
0,0,72928,0.069549561,300,2.93E-05,1,300,2377.681465,1,1,indiv,147410,chr.tar.gz
1,0,8191.927605,2421.806723,300,20.00200424,1,300,121.0782026,1,309994,indiv,147410,columns.txt
0,0,78009,0.07439518,300,3.05E-05,1,300,2443.11122,1,1,indiv,145520,chr.tar.gz
1,0,8191.91228,2421.833442,300,7.170415722,1,300,337.7535607,1,309998,indiv,145520,columns.txt
0,0,153718.2222,1.319374084,300,0.001938143,1,300,680.7413511,1,9,indiv,153544,chr.tar.gz
1,0,39032.61364,4.913620949,300,0.013226378,1,300,371.5016272,1,132,indiv,153544,SIFT.chr.txt
0,0,104342.1111,0.895575523,300,0.001827198,1,300,490.1360024,1,9,mutat,153600,chr.tar.gz
1,0,26815.45806,3.963848114,300,0.012311551,1,300,321.9617182,1,155,mutat,153600,columns.txt
0,0,119084,0.113567352,300,3.82E-05,1,300,2971.333882,1,1,indiv,146817,chr.tar.gz
1,0,8191.922788,2421.789674,300,19.06414117,1,300,127.0337673,1,309992,indiv,146817,ALL.chr.250000.vcf
0,0,230846.2727,2.421673775,300,0.009773466,1,300,247.7804471,1,11,mutat,153238,chr.tar.gz
1,0,27843.27193,6.054178238,300,0.024604659,1,300,246.0582054,1,228,mutat,153238,columns.txt
0,0,88701,0.084591866,300,3.09E-05,1,300,2739.285177,1,1,indiv,144640,chr.tar.gz
1,0,8191.921474,2421.758036,300,71.85102258,1,300,33.70526888,1,309988,indiv,144640,columns.txt
0,0,81586,0.077806473,300,2.66E-05,1,300,2923.846258,1,1,indiv,148461,chr.tar.gz
1,0,8191.929238,2421.815018,300,36.55538551,1,300,66.25056703,1,309995,indiv,148461,ALL.chr.250000.vcf
0,0,102301,0.097561836,300,2.02E-05,1,300,4820.010683,1,1,indiv,147925,chr.tar.gz
1,0,8191.922137,2421.703545,300,33.80978826,1,300,71.62729107,1,309981,indiv,147925,columns.txt
0,0,468.1838803,0.92513752,300,10.02049941,1,300,0.092324492,1,2072,mutat,231718,
1,0,41514.87611,4.473858833,300,0.240395878,1,300,18.6103808,1,113,mutat,231718,chr.tar.gz
0,0,82118,0.078313828,300,2.55E-05,1,300,3075.834709,1,1,indiv,144487,chr.tar.gz
1,0,8191.91228,2421.833442,300,28.65513643,1,300,84.51655597,1,309998,indiv,144487,ALL.chr.250000.vcf
0,0,95388,0.090969086,300,2.82E-05,1,300,3224.596281,1,1,indiv,144585,chr.tar.gz
1,0,8191.930583,2421.83104,300,71.64908691,1,300,33.80128268,1,309997,indiv,144585,ALL.chr.250000.vcf
0,0,74521,0.071068764,300,1.69E-05,1,300,4212.480809,1,1,indiv,144771,chr.tar.gz
1,0,8191.929238,2421.815018,300,72.5779135,1,300,33.36848499,1,309995,indiv,144771,ALL.chr.250000.vcf
0,0,424.9897046,0.905444145,300,11.01721054,1,300,0.082184519,1,2234,mutat,241539,
1,0,28863.80165,3.330726624,300,0.03094337,1,300,107.6394272,1,121,mutat,241539,chr.tar.gz
0,0,90241,0.086060524,300,3.17E-05,1,300,2714.757389,1,1,indiv,146800,chr.tar.gz
1,0,8191.91228,2421.833442,300,19.89387883,1,300,121.737619,1,309998,indiv,146800,ALL.chr.250000.vcf
0,0,376.3514324,1.077467918,300,6.107191249,1,300,0.176426097,1,3002,indiv,153655,
1,0,51059.14773,4.285054207,300,0.009682153,1,300,442.5724533,1,88,indiv,153655,chr.tar.gz
0,0,534.2548131,0.449892998,300,4.20244635,1,300,0.107055025,1,883,mutat,19688,
1,0,55008.53636,5.770625114,300,0.196536487,1,300,29.36159694,1,110,mutat,19688,SIFT.chr.txt
0,0,101070,0.096387863,300,2.63E-05,1,300,3667.587351,1,1,indiv,144408,chr.tar.gz
1,0,8191.91223,2421.794365,300,25.01175653,1,300,96.82624097,1,309993,indiv,144408,columns.txt
0,0,86743,0.082724571,300,2.44E-05,1,300,3388.823532,1,1,indiv,146978,chr.tar.gz
1,0,8191.927605,2421.806723,300,16.67848114,1,300,145.2054718,1,309994,indiv,146978,columns.txt
0,0,78022,0.074407578,300,1.87E-05,1,300,3983.061802,1,1,indiv,146507,chr.tar.gz
1,0,8191.922788,2421.789674,300,25.01648547,1,300,96.80775012,1,309992,indiv,146507,columns.txt
0,0,73965,0.070538521,300,3.55E-05,1,300,1987.504461,1,1,indiv,144733,chr.tar.gz
1,0,8191.930583,2421.83104,300,72.08849801,1,300,33.59524899,1,309997,indiv,144733,columns.txt
0,0,80324,0.076602936,300,2.04E-05,1,300,3756.887484,1,1,indiv,149377,chr.tar.gz
1,0,8191.921474,2421.758036,300,33.54408723,1,300,72.1962717,1,309988,indiv,149377,ALL.chr.250000.vcf
0,0,90383,0.086195946,300,2.85E-05,1,300,3029.627983,1,1,indiv,148042,chr.tar.gz
1,0,8191.91228,2421.833442,300,38.09354882,1,300,63.57594702,1,309998,indiv,148042,ALL.chr.250000.vcf
0,0,73445,0.07004261,300,3.29E-05,1,300,2131.481396,1,1,indiv,144657,chr.tar.gz
1,0,8191.930583,2421.83104,300,71.49197396,1,300,33.87556541,1,309997,indiv,144657,columns.txt
0,0,187545.2,1.788570404,300,0.00237626,1,300,752.6829573,1,10,mutat,153288,chr.tar.gz
1,0,42423.14286,5.380895615,300,0.013587182,1,300,396.0273451,1,133,mutat,153288,columns.txt
0,0,631.6675105,0.713850021,300,6.858345926,1,300,0.104084867,1,1185,indiv,48074,
1,0,23731.60544,3.326936722,300,0.097437384,1,300,34.14435595,1,147,indiv,48074,SIFT.chr.txt
0,0,92604,0.088314056,300,3.65E-05,1,300,2422.815736,1,1,indiv,146395,chr.tar.gz
1,0,8191.927605,2421.806723,300,19.11740125,1,300,126.6807497,1,309994,indiv,146395,columns.txt
0,0,87089,0.083054543,300,3.05E-05,1,300,2722.118008,1,1,indiv,144430,chr.tar.gz
1,0,8191.91223,2421.794365,300,25.00572459,1,300,96.84959762,1,309993,indiv,144430,ALL.chr.250000.vcf
0,0,102968,0.098197937,300,2.52E-05,1,300,3898.135724,1,1,indiv,147699,chr.tar.gz
1,0,8191.91228,2421.833442,300,18.63231769,1,300,129.980257,1,309998,indiv,147699,ALL.chr.250000.vcf
0,0,84615.25,0.645563126,300,0.004129364,1,300,156.334759,1,8,mutat,201989,chr.tar.gz
1,0,55595.39316,6.203328133,300,0.074430206,1,300,83.34422899,1,117,mutat,201989,chr.tar.gz
0,0,129144,0.123161316,300,4.10E-05,1,300,3003.788008,1,1,indiv,144645,chr.tar.gz
1,0,8191.930583,2421.83104,300,74.80304626,1,300,32.3761018,1,309997,indiv,144645,ALL.chr.250000.vcf
0,0,80672,0.076934814,300,2.96E-05,1,300,2603.458917,1,1,indiv,150244,chr.tar.gz
1,0,8191.922137,2421.703545,300,30.49979202,1,300,79.40065765,1,309981,indiv,150244,columns.txt
0,0,153172.125,1.168610573,300,0.008535769,1,300,136.907474,1,8,mutat,153299,chr.tar.gz
1,0,35071.16346,3.478432655,300,0.010179502,1,300,341.7095115,1,104,mutat,153299,chr.tar.gz
0,0,133470.5556,1.145586967,300,0.002516565,1,300,455.2185091,1,9,mutat,153603,chr.tar.gz
1,0,56426.71875,5.166020393,300,0.012244158,1,300,421.9171619,1,96,mutat,153603,columns.txt
0,0,173221.8889,1.486775398,300,0.002328358,1,300,638.5510296,1,9,mutat,153355,chr.tar.gz
1,0,61779.63208,6.245270729,300,0.016116717,1,300,387.5026613,1,106,mutat,153355,columns.txt
0,0,102525,0.097775459,300,2.90E-05,1,300,3372.614235,1,1,indiv,147308,chr.tar.gz
1,0,8191.927605,2421.806723,300,22.36969006,1,300,108.2628644,1,309994,indiv,147308,ALL.chr.250000.vcf
0,0,87353,0.083306313,300,2.42E-05,1,300,3446.682357,1,1,indiv,144490,chr.tar.gz
1,0,8191.930583,2421.83104,300,72.48224618,1,300,33.4127482,1,309997,indiv,144490,columns.txt
0,0,133635,0.127444267,300,2.21E-05,1,300,5769.058317,1,1,indiv,149274,chr.tar.gz
1,0,8191.911931,2421.802089,300,17.46446625,1,300,138.6702607,1,309994,indiv,149274,ALL.chr.250000.vcf
0,0,100207,0.095564842,300,1.84E-05,1,300,5204.773282,1,1,indiv,146102,chr.tar.gz
1,0,8191.922788,2421.789674,300,19.63358314,1,300,123.3493477,1,309992,indiv,146102,ALL.chr.250000.vcf
0,0,81860,0.07806778,300,2.32E-05,1,300,3366.44155,1,1,indiv,144403,chr.tar.gz
1,0,8191.91223,2421.794365,300,25.02413438,1,300,96.77834718,1,309993,indiv,144403,ALL.chr.250000.vcf
0,0,411.8441734,0.579721451,300,7.037234578,1,300,0.082379157,1,1476,mutat,166480,
1,0,28896.76596,2.590461731,300,0.032426061,1,300,79.88826429,1,94,mutat,166480,columns.txt
0,0,90166,0.085988998,300,3.15E-05,1,300,2729.722816,1,1,indiv,150149,chr.tar.gz
1,0,8191.91228,2421.833442,300,20.89409399,1,300,115.9099525,1,309998,indiv,150149,columns.txt
0,0,461.4583484,1.220344543,300,15.93199283,1,300,0.076597106,1,2773,mutat,169884,
1,0,41514.87611,4.473858833,300,0.033274789,1,300,134.4519069,1,113,mutat,169884,SIFT.chr.txt
0,0,351903.5,0.67120266,300,0.001344972,1,300,499.0458237,1,2,sift,151621,SIFT.chr.txt
1,0,8191.810036,1095.287101,300,3.17202253,1,300,345.296129,1,140200,sift,151621,ALL.phase3
0,0,46547,0.044390678,300,1.54E-05,1,300,2880.641039,1,1,indiv,149591,chr.tar.gz
1,0,8191.91223,2421.794365,300,35.55393916,1,300,68.11606316,1,309993,indiv,149591,ALL.chr.250000.vcf
0,0,94599,0.090216637,300,3.02E-05,1,300,2988.196372,1,1,indiv,148752,chr.tar.gz
1,0,8191.929238,2421.815018,300,36.57130015,1,300,66.22173692,1,309995,indiv,148752,ALL.chr.250000.vcf
0,0,67752,0.064613342,300,1.81E-05,1,300,3567.826741,1,1,indiv,148947,chr.tar.gz
1,0,8191.9288,2422.072699,300,22.15149924,1,300,109.3412537,1,310028,indiv,148947,ALL.chr.250000.vcf
0,0,87099,0.083064079,300,2.36E-05,1,300,3519.515244,1,1,indiv,145992,chr.tar.gz
1,0,8191.911931,2421.802089,300,18.69042676,1,300,129.5744672,1,309994,indiv,145992,ALL.chr.250000.vcf
0,0,397.8543165,0.632878304,300,8.226872569,1,300,0.076928176,1,1668,mutat,255583,
1,0,55008.53636,5.770625114,300,0.125176823,1,300,46.09978889,1,110,mutat,255583,columns.txt
0,0,63225,0.060296059,300,1.97E-05,1,300,3065.381731,1,1,indiv,149527,chr.tar.gz
1,0,8191.9288,2422.072699,300,21.65531855,1,300,111.8465514,1,310028,indiv,149527,ALL.chr.250000.vcf
0,0,76314,0.072778702,300,2.75E-05,1,300,2650.256793,1,1,indiv,145281,chr.tar.gz
1,0,8191.927605,2421.806723,300,17.71762098,1,300,136.6891597,1,309994,indiv,145281,ALL.chr.250000.vcf
0,0,423.8363775,1.062242508,300,11.59943959,1,300,0.091577054,1,2628,indiv,159514,
1,0,28863.80165,3.330726624,300,0.010475082,1,300,317.9666396,1,121,indiv,159514,SIFT.chr.txt
0,0,88595,0.084490776,300,1.81E-05,1,300,4670.320936,1,1,indiv,150748,chr.tar.gz
1,0,8191.91228,2421.833442,300,22.16374562,1,300,109.2700432,1,309998,indiv,150748,columns.txt
0,0,102249,0.097512245,300,2.32E-05,1,300,4212.010072,1,1,indiv,149152,chr.tar.gz
1,0,8191.91228,2421.833442,300,20.88058216,1,300,115.9849579,1,309998,indiv,149152,columns.txt
0,0,95917,0.091473579,300,2.51E-05,1,300,3644.220525,1,1,indiv,145243,chr.tar.gz
1,0,8191.929238,2421.815018,300,34.03513657,1,300,71.15631848,1,309995,indiv,145243,columns.txt
0,0,87757,0.083691597,300,1.94E-05,1,300,4320.458262,1,1,indiv,147637,chr.tar.gz
1,0,8191.921474,2421.758036,300,30.00443361,1,300,80.71333946,1,309988,indiv,147637,ALL.chr.250000.vcf
0,0,65961,0.062905312,300,1.79E-05,1,300,3512.10494,1,1,indiv,147997,chr.tar.gz
1,0,8191.9288,2422.072699,300,18.68809596,1,300,129.6051082,1,310028,indiv,147997,ALL.chr.250000.vcf
0,0,92880,0.088577271,300,1.76E-05,1,300,5021.387217,1,1,indiv,146068,chr.tar.gz
1,0,8191.922788,2421.789674,300,19.73861162,1,300,122.6930101,1,309992,indiv,146068,columns.txt
0,0,107645,0.102658272,300,2.72E-05,1,300,3771.289511,1,1,indiv,145557,chr.tar.gz
1,0,8191.922137,2421.703545,300,33.23021615,1,300,72.87655108,1,309981,indiv,145557,columns.txt
0,0,430.396909,1.168575287,300,13.11356149,1,300,0.089111969,1,2847,mutat,174207,
1,0,32453.28226,3.83778286,300,0.029896279,1,300,128.3699172,1,124,mutat,174207,columns.txt
0,0,91882,0.087625504,300,1.92E-05,1,300,4554.103401,1,1,indiv,144686,chr.tar.gz
1,0,8191.91223,2421.794365,300,25.33084492,1,300,95.6065371,1,309993,indiv,144686,columns.txt
0,0,74828,0.071361542,300,2.21E-05,1,300,3231.807515,1,1,indiv,144434,chr.tar.gz
1,0,8191.91223,2421.794365,300,25.00511147,1,300,96.85197237,1,309993,indiv,144434,ALL.chr.250000.vcf
0,0,82286,0.078474045,300,2.07E-05,1,300,3783.522723,1,1,indiv,144742,chr.tar.gz
1,0,8191.930583,2421.83104,300,75.74604734,1,300,31.97303523,1,309997,indiv,144742,ALL.chr.250000.vcf
0,0,60285,0.057492256,300,1.68E-05,1,300,3423.992387,1,1,indiv,145941,chr.tar.gz
1,0,8191.927605,2421.806723,300,19.89521859,1,300,121.7280781,1,309994,indiv,145941,ALL.chr.250000.vcf
0,0,94807,0.090415001,300,2.05E-05,1,300,4403.828402,1,1,indiv,150696,chr.tar.gz
1,0,8191.929238,2421.815018,300,35.98668144,1,300,67.29753678,1,309995,indiv,150696,columns.txt
0,0,66339,0.0632658,300,1.62E-05,1,300,3902.646381,1,1,indiv,144750,chr.tar.gz
1,0,8191.929238,2421.815018,300,72.52277974,1,300,33.39385261,1,309995,indiv,144750,ALL.chr.250000.vcf
0,0,85049,0.081109047,300,3.15E-05,1,300,2574.808639,1,1,indiv,145316,chr.tar.gz
1,0,8191.927605,2421.806723,300,17.15418408,1,300,141.1787766,1,309994,indiv,145316,columns.txt
0,0,112659,0.107439995,300,2.92E-05,1,300,3678.066304,1,1,indiv,149317,chr.tar.gz
1,0,8191.922788,2421.789674,300,18.85694062,1,300,128.4296177,1,309992,indiv,149317,ALL.chr.250000.vcf
0,0,87832,0.083763123,300,3.36E-05,1,300,2493.543777,1,1,indiv,145298,chr.tar.gz
1,0,8191.927605,2421.806723,300,17.44376357,1,300,138.8351036,1,309994,indiv,145298,columns.txt
0,0,94460,0.090084076,300,2.69E-05,1,300,3344.995579,1,1,indiv,149472,chr.tar.gz
1,0,8191.927605,2421.806723,300,18.60321289,1,300,130.1821754,1,309994,indiv,149472,ALL.chr.250000.vcf
0,0,577.6794742,0.544857979,300,6.327578119,1,300,0.086108455,1,989,mutat,239977,
1,0,32453.28226,3.83778286,300,0.019709833,1,300,194.7141236,1,124,mutat,239977,SIFT.chr.txt
0,0,74507,0.071055412,300,1.68E-05,1,300,4236.802355,1,1,indiv,146232,chr.tar.gz
1,0,8191.921474,2421.758036,300,33.00941285,1,300,73.36568048,1,309988,indiv,146232,columns.txt
0,0,76717,0.073163033,300,1.89E-05,1,300,3868.808235,1,1,indiv,144775,chr.tar.gz
1,0,8191.929238,2421.815018,300,72.24052809,1,300,33.52432605,1,309995,indiv,144775,columns.txt
0,0,81618,0.07783699,300,2.19E-05,1,300,3552.416154,1,1,indiv,144746,chr.tar.gz
1,0,8191.930583,2421.83104,300,73.49141434,1,300,32.95393159,1,309997,indiv,144746,ALL.chr.250000.vcf
0,0,83390,0.079526901,300,2.74E-05,1,300,2903.289327,1,1,indiv,144510,chr.tar.gz
1,0,8191.91223,2421.794365,300,25.03697387,1,300,96.7287172,1,309993,indiv,144510,ALL.chr.250000.vcf
0,0,417.9573003,0.578760147,300,7.654923796,1,300,0.075606258,1,1452,mutat,168092,
1,0,28896.76596,2.590461731,300,0.017275457,1,300,149.9504025,1,94,mutat,168092,columns.txt
0,0,423761.8462,15.76110077,300,0.026481756,1,300,595.1682649,1,39,indiv,153332,chr.tar.gz
1,0,126687.4063,19.33096409,300,0.030574054,1,300,632.2669571,1,160,indiv,153332,chr.tar.gz
0,0,84390,0.080480576,300,1.94E-05,1,300,4152.550207,1,1,indiv,147113,chr.tar.gz
1,0,8191.9288,2422.072699,300,16.07542769,1,300,150.6692541,1,310028,indiv,147113,ALL.chr.250000.vcf
1,0,32765.54526,1507.262078,300,6.738368871,1,300,223.6835215,1,48236,sift,151699,ALL.phase3
0,0,446822,2.982858658,300,0.003043944,1,300,979.9321728,1,7,merge,151607,chr.tar.gz
1,0,1292.745641,2.404073715,300,0.356551064,1,300,6.742578996,1,1950,merge,151607,chr.tar.gz
0,0,595.046123,1.697900772,300,11.61176173,1,300,0.146222495,1,2992,indiv,153436,
1,0,19520.13303,4.058255196,300,0.020187443,1,300,201.0286888,1,218,indiv,153436,chr.tar.gz
0,0,77100,0.07352829,300,1.49E-05,1,300,4937.767094,1,1,indiv,144769,chr.tar.gz
1,0,8191.930583,2421.83104,300,75.62838447,1,300,32.02277898,1,309997,indiv,144769,ALL.chr.250000.vcf
0,0,91182,0.086957932,300,2.64E-05,1,300,3289.997787,1,1,indiv,146359,chr.tar.gz
1,0,8191.91228,2421.833442,300,17.3344279,1,300,139.7123375,1,309998,indiv,146359,ALL.chr.250000.vcf
0,0,161412.125,1.231476784,300,0.002433102,1,300,506.1344669,1,8,mutat,153418,chr.tar.gz
1,0,60791.40171,6.783098221,300,0.015789594,1,300,429.5929472,1,117,mutat,153418,columns.txt
0,0,77518,0.073926926,300,1.95E-05,1,300,3787.046036,1,1,indiv,144477,chr.tar.gz
1,0,8191.91223,2421.794365,300,24.98654839,1,300,96.92392592,1,309993,indiv,144477,columns.txt
0,0,97008,0.092514038,300,1.90E-05,1,300,4871.467436,1,1,indiv,146416,chr.tar.gz
1,0,8191.927605,2421.806723,300,19.10115083,1,300,126.7885241,1,309994,indiv,146416,ALL.chr.250000.vcf
0,0,82020,0.078220367,300,1.94E-05,1,300,4038.013909,1,1,indiv,144744,chr.tar.gz
1,0,8191.929238,2421.815018,300,71.6887412,1,300,33.78236216,1,309995,indiv,144744,columns.txt
0,0,501711.75,1.913878441,300,0.002105609,1,300,908.9429428,1,4,merge,151538,chr.tar.gz
1,0,1039.865153,2.140072823,300,0.364055224,1,300,5.878429099,1,2158,merge,151538,chr.tar.gz
0,0,93466,0.089136124,300,2.87E-05,1,300,3111.099915,1,1,indiv,147040,chr.tar.gz
1,0,8191.922788,2421.789674,300,16.62291441,1,300,145.689836,1,309992,indiv,147040,columns.txt
0,0,95647.875,0.729735374,300,0.001026707,1,300,710.7532864,1,8,mutat,153311,chr.tar.gz
1,0,31388.88281,3.831650734,300,0.012554899,1,300,305.1916813,1,128,mutat,153311,columns.txt
0,0,96756,0.092273712,300,2.45E-05,1,300,3763.048496,1,1,indiv,148798,chr.tar.gz
1,0,8191.927605,2421.806723,300,25.34625089,1,300,95.54891306,1,309994,indiv,148798,columns.txt
0,0,90534,0.086339951,300,2.13E-05,1,300,4053.328509,1,1,indiv,150784,chr.tar.gz
1,0,8191.91228,2421.833442,300,22.52358784,1,300,107.5243189,1,309998,indiv,150784,columns.txt
0,0,67871.66667,0.582547188,300,0.001145122,1,300,508.7206322,1,9,mutat,153448,chr.tar.gz
1,0,30589.26471,2.975564003,300,0.011089124,1,300,268.3317459,1,102,mutat,153448,SIFT.chr.txt
0,0,88404,0.084308624,300,2.42E-05,1,300,3477.93508,1,1,indiv,145539,chr.tar.gz
1,0,8191.922137,2421.703545,300,32.96995002,1,300,73.45184155,1,309981,indiv,145539,columns.txt
0,0,363.7685506,0.902330399,300,8.253768012,1,300,0.10932345,1,2601,indiv,153649,
1,0,51059.14773,4.285054207,300,0.011975317,1,300,357.8238644,1,88,indiv,153649,SIFT.chr.txt
0,0,148099.125,1.129906654,300,0.0021405,1,300,527.8704295,1,8,mutat,215936,chr.tar.gz
1,0,34710.38462,3.442649841,300,0.075816929,1,300,45.40740289,1,104,mutat,215936,SIFT.chr.txt
1,0,32765.76815,1346.158306,300,5.38660422,1,300,249.9085233,1,43080,sift,151694,ALL.phase3
0,0,73800,0.070381165,300,1.74E-05,1,300,4053.981024,1,1,indiv,144759,chr.tar.gz
1,0,8191.930583,2421.83104,300,75.7942221,1,300,31.95271319,1,309997,indiv,144759,columns.txt
0,0,75893,0.072377205,300,1.75E-05,1,300,4142.705334,1,1,indiv,144763,chr.tar.gz
1,0,8191.930583,2421.83104,300,74.47254813,1,300,32.51978214,1,309997,indiv,144763,ALL.chr.250000.vcf
0,0,71223,0.067923546,300,1.48E-05,1,300,4592.22134,1,1,indiv,147727,chr.tar.gz
1,0,8191.927605,2421.806723,300,18.19594485,1,300,133.0959586,1,309994,indiv,147727,columns.txt
0,0,81565,0.077786446,300,1.91E-05,1,300,4070.244656,1,1,indiv,147485,chr.tar.gz
1,0,8191.929238,2421.815018,300,34.51950292,1,300,70.15787635,1,309995,indiv,147485,columns.txt
0,0,209589.3,1.998799324,300,0.006689483,1,300,298.7972799,1,10,mutat,175016,chr.tar.gz
1,0,25960.89868,5.620121002,300,0.053031805,1,300,105.9764231,1,227,mutat,175016,columns.txt
0,0,110522,0.105401993,300,2.30E-05,1,300,4576.526977,1,1,indiv,145903,chr.tar.gz
1,0,8191.929238,2421.815018,300,36.48399498,1,300,66.38020368,1,309995,indiv,145903,columns.txt
1,0,32766.41046,1281.281593,300,4.289490987,1,300,298.7024794,1,41003,sift,151689,ALL.phase3
0,0,76009,0.072487831,300,3.08E-05,1,300,2353.4246,1,1,indiv,144607,chr.tar.gz
1,0,8191.930583,2421.83104,300,72.65576655,1,300,33.33295009,1,309997,indiv,144607,ALL.chr.250000.vcf
0,0,90762,0.086557388,300,1.84E-05,1,300,4698.843076,1,1,indiv,145852,chr.tar.gz
1,0,8191.927605,2421.806723,300,20.50813032,1,300,118.0900787,1,309994,indiv,145852,columns.txt
0,0,586.4284288,1.68002224,300,0.711166192,1,300,2.362348293,1,3004,freq,188312,chr.tar.gz
1,0,1700.608251,5.071451187,300,0.537527723,1,300,9.434771399,1,3127,freq,188312,chr.tar.gz
0,0,104926,0.100065231,300,2.03E-05,1,300,4938.810094,1,1,indiv,145887,chr.tar.gz
1,0,8191.927605,2421.806723,300,20.37201946,1,300,118.8790698,1,309994,indiv,145887,ALL.chr.250000.vcf
0,0,95108,0.090702057,300,2.20E-05,1,300,4130.142384,1,1,indiv,148530,chr.tar.gz
1,0,8191.927605,2421.806723,300,18.90440856,1,300,128.1080397,1,309994,indiv,148530,columns.txt
0,0,87788,0.083721161,300,1.68E-05,1,300,4974.223807,1,1,indiv,146873,chr.tar.gz
1,0,8191.921474,2421.758036,300,27.5846724,1,300,87.79361234,1,309988,indiv,146873,ALL.chr.250000.vcf
0,0,430902.075,16.43760967,300,0.018922692,1,300,868.6718397,1,40,mutat,153319,chr.tar.gz
1,0,82298.32157,20.01387787,300,0.040895029,1,300,489.3963486,1,255,mutat,153319,columns.txt
0,0,100331,0.095683098,300,3.72E-05,1,300,2569.984632,1,1,indiv,150615,chr.tar.gz
1,0,8191.922788,2421.789674,300,17.20591122,1,300,140.7533517,1,309992,indiv,150615,columns.txt
0,0,64241,0.061264992,300,1.97E-05,1,300,3113.058524,1,1,indiv,148537,chr.tar.gz
1,0,8191.929238,2421.815018,300,36.82292537,1,300,65.76921832,1,309995,indiv,148537,ALL.chr.250000.vcf
0,0,380.9642993,0.95661068,300,11.72796159,1,300,0.081566662,1,2633,mutat,201216,
1,0,27227.85567,2.518751144,300,0.080099952,1,300,31.44510179,1,97,mutat,201216,chr.tar.gz
0,0,90347,0.086161613,300,2.38E-05,1,300,3615.526561,1,1,indiv,147530,chr.tar.gz
1,0,8191.922137,2421.703545,300,33.03216707,1,300,73.31349286,1,309981,indiv,147530,ALL.chr.250000.vcf
0,0,401.5236509,1.149534225,300,13.90019357,1,300,0.082699152,1,3002,mutat,158018,
1,0,28896.76596,2.590461731,300,0.009212584,1,300,281.1873119,1,94,mutat,158018,SIFT.chr.txt
0,0,77165,0.073590279,300,1.53E-05,1,300,4809.822132,1,1,indiv,147837,chr.tar.gz
1,0,8191.922788,2421.789674,300,18.83611762,1,300,128.5715944,1,309992,indiv,147837,columns.txt
0,0,171845.75,1.311079025,300,0.015229592,1,300,86.08760007,1,8,mutat,204025,chr.tar.gz
1,0,36139.34375,4.411540985,300,0.031446734,1,300,140.2861418,1,128,mutat,204025,SIFT.chr.txt
0,0,432.0069907,1.23762989,300,1.089656801,1,300,1.135797885,1,3004,freq,153497,chr.tar.gz
1,0,17629.39565,3.866921425,300,0.49346406,1,300,7.836277732,1,230,freq,153497,columns.txt
0,0,76321.25,0.582284927,300,0.001760596,1,300,330.7317109,1,8,indiv,153387,chr.tar.gz
1,0,29225.65385,2.898662567,300,0.010947917,1,300,264.7684091,1,104,indiv,153387,chr.tar.gz
0,0,69485,0.06626606,300,2.27E-05,1,300,2915.228537,1,1,indiv,149996,chr.tar.gz
1,0,8191.922788,2421.789674,300,17.90989047,1,300,135.2207976,1,309992,indiv,149996,ALL.chr.250000.vcf
0,0,473.9984598,1.173948288,300,12.83235091,1,300,0.091483493,1,2597,indiv,201943,
1,0,23731.60544,3.326936722,300,0.102857855,1,300,32.34499418,1,147,indiv,201943,SIFT.chr.txt
0,0,78583,0.074942589,300,2.47E-05,1,300,3037.679413,1,1,indiv,148361,chr.tar.gz
1,0,8191.9288,2422.072699,300,20.57384955,1,300,117.7257904,1,310028,indiv,148361,columns.txt
0,0,422006.8293,16.50074005,300,0.035425831,1,300,465.7827237,1,41,mutat,167218,chr.tar.gz
1,0,161761.2836,20.67185593,300,0.043763029,1,300,472.3588929,1,134,mutat,167218,chr.tar.gz
0,0,3662.284911,10.55471897,300,5.638591599,1,300,1.87187151,1,3022,freq,201512,chr.tar.gz
1,0,1272.270349,3.756474495,300,0.84143737,1,300,4.464354245,1,3096,freq,201512,columns.txt
0,0,71187,0.067889214,300,1.56E-05,1,300,4349.084789,1,1,indiv,149224,chr.tar.gz
1,0,8191.91223,2421.794365,300,17.73180325,1,300,136.5791358,1,309993,indiv,149224,columns.txt
0,0,94191,0.089827538,300,2.40E-05,1,300,3747.342102,1,1,indiv,145462,chr.tar.gz
1,0,8191.922788,2421.789674,300,17.65164499,1,300,137.1990925,1,309992,indiv,145462,columns.txt
0,0,100091,0.095454216,300,3.63E-05,1,300,2628.072355,1,1,indiv,150471,chr.tar.gz
1,0,8191.911931,2421.802089,300,16.14989942,1,300,149.9577196,1,309994,indiv,150471,columns.txt
0,0,79297,0.075623512,300,1.81E-05,1,300,4180.404216,1,1,indiv,144727,chr.tar.gz
1,0,8191.91228,2421.833442,300,28.69474399,1,300,84.39989717,1,309998,indiv,144727,ALL.chr.250000.vcf
0,0,101009.7778,0.866973877,300,0.007470358,1,300,116.055198,1,9,indiv,240310,chr.tar.gz
1,0,53362.35417,4.885469437,300,0.035367224,1,300,138.1355075,1,96,indiv,240310,chr.tar.gz
0,0,475.667685,1.336400032,300,14.4134766,1,300,0.092718785,1,2946,indiv,153641,
1,0,23731.60544,3.326936722,300,0.011085296,1,300,300.1215955,1,147,indiv,153641,chr.tar.gz
0,0,106122,0.101205826,300,2.13E-05,1,300,4755.689385,1,1,indiv,147581,chr.tar.gz
1,0,8191.922137,2421.703545,300,32.98882538,1,300,73.4098143,1,309981,indiv,147581,ALL.chr.250000.vcf
0,0,80159,0.07644558,300,1.70E-05,1,300,4507.138702,1,1,indiv,144729,chr.tar.gz
1,0,8191.930583,2421.83104,300,75.81681516,1,300,31.94319143,1,309997,indiv,144729,columns.txt
0,0,484277.6364,5.080274582,300,0.006597733,1,300,770.0030574,1,11,merge,151559,chr.tar.gz
1,0,1635.459341,2.838645935,300,0.354060327,1,300,8.017407539,1,1820,merge,151559,chr.tar.gz
0,0,79103,0.075438499,300,1.91E-05,1,300,3951.521631,1,1,indiv,147613,chr.tar.gz
1,0,8191.9288,2422.072699,300,17.705827,1,300,136.7952312,1,310028,indiv,147613,ALL.chr.250000.vcf
0,0,108348,0.103328705,300,1.94E-05,1,300,5336.95082,1,1,indiv,146175,chr.tar.gz
1,0,8191.9288,2422.072699,300,18.43825291,1,300,131.3612906,1,310028,indiv,146175,ALL.chr.250000.vcf
0,0,482.6740947,0.495758057,300,6.396277319,1,300,0.07750728,1,1077,indiv,26255,
1,0,55008.53636,5.770625114,300,0.212158953,1,300,27.19953616,1,110,indiv,26255,chr.tar.gz
0,0,85087,0.081145287,300,3.24E-05,1,300,2507.502443,1,1,indiv,146273,chr.tar.gz
1,0,8191.91223,2421.794365,300,2.623816504,1,300,923.0044712,1,309993,indiv,146273,columns.txt
0,0,98064,0.093521118,300,1.95E-05,1,300,4788.342541,1,1,indiv,144783,chr.tar.gz
1,0,8191.929238,2421.815018,300,71.75158645,1,300,33.75277311,1,309995,indiv,144783,columns.txt
0,0,512.7751524,0.641594887,300,7.035286925,1,300,0.091196691,1,1312,mutat,258508,
1,0,28863.80165,3.330726624,300,0.115463734,1,300,28.8465175,1,121,mutat,258508,chr.tar.gz
0,0,114037,0.108754158,300,2.06E-05,1,300,5273.951701,1,1,indiv,149649,chr.tar.gz
1,0,8191.911931,2421.802089,300,25.88459537,1,300,93.56152006,1,309994,indiv,149649,ALL.chr.250000.vcf
0,0,795.8034483,1.320550919,300,9.9499634,1,300,0.132719173,1,1740,mutat,218145,
1,0,19520.13303,4.058255196,300,0.037779504,1,300,107.4194938,1,218,mutat,218145,SIFT.chr.txt
0,0,84671,0.080748558,300,1.81E-05,1,300,4451.408933,1,1,indiv,144676,chr.tar.gz
1,0,8191.91228,2421.833442,300,28.69670715,1,300,84.3941233,1,309998,indiv,144676,ALL.chr.250000.vcf
0,0,494770.375,3.774798393,300,0.004973772,1,300,758.9407784,1,8,merge,151624,chr.tar.gz
1,0,1311.084815,2.461935043,300,0.38032184,1,300,6.473293891,1,1969,merge,151624,chr.tar.gz
0,0,74812,0.071346283,300,1.98E-05,1,300,3605.168416,1,1,indiv,150583,chr.tar.gz
1,0,8191.930583,2421.83104,300,3.505319735,1,300,690.9016077,1,309997,indiv,150583,ALL.chr.250000.vcf
1,0,32764.24555,809.1885252,300,3.57253701,1,300,226.5024891,1,25897,sift,151632,ALL.phase3
0,0,75835,0.072321892,300,2.22E-05,1,300,3256.276082,1,1,indiv,144568,chr.tar.gz
1,0,8191.91228,2421.833442,300,28.65527653,1,300,84.51614276,1,309998,indiv,144568,columns.txt
0,0,87858,0.083787918,300,1.83E-05,1,300,4588.604496,1,1,indiv,146357,chr.tar.gz
1,0,8191.91223,2421.794365,300,19.38195276,1,300,124.9509993,1,309993,indiv,146357,columns.txt
0,0,378.1469021,1.082608223,300,11.18471378,1,300,0.096793556,1,3002,indiv,153511,
1,0,27227.85567,2.518751144,300,0.009167481,1,300,274.7484445,1,97,indiv,153511,SIFT.chr.txt
0,0,109879,0.10478878,300,3.38E-05,1,300,3100.076333,1,1,indiv,147002,chr.tar.gz
1,0,8191.922788,2421.789674,300,17.09287721,1,300,141.6841439,1,309992,indiv,147002,columns.txt
0,0,83257,0.079400063,300,2.34E-05,1,300,3397.375489,1,1,indiv,144468,chr.tar.gz
1,0,8191.91228,2421.833442,300,28.67087667,1,300,84.47015658,1,309998,indiv,144468,columns.txt
0,0,73495,0.070090294,300,1.64E-05,1,300,4268.332859,1,1,indiv,144725,chr.tar.gz
1,0,8191.930583,2421.83104,300,74.54387785,1,300,32.48866453,1,309997,indiv,144725,ALL.chr.250000.vcf
0,0,1610.15221,4.620502472,300,2.466580307,1,300,1.873242261,1,3009,freq,86014,chr.tar.gz
1,0,1524.527378,4.540537834,300,0.543896951,1,300,8.348158279,1,3123,freq,86014,SIFT.chr.txt
0,0,268524.5,0.512169838,300,0.001199395,1,300,427.0234893,1,2,sift,151524,SIFT.chr.txt
1,0,8191.81394,1057.429108,300,3.193586011,1,300,331.1102641,1,135354,sift,151524,SIFT.chr.txt
0,0,117161,0.111733437,300,3.71E-05,1,300,3014.770832,1,1,indiv,149673,chr.tar.gz
1,0,8191.911931,2421.802089,300,25.48583856,1,300,95.02540335,1,309994,indiv,149673,columns.txt
0,0,152803.4,1.45724678,300,0.002691823,1,300,541.3605502,1,10,mutat,153631,chr.tar.gz
1,0,61432.4434,6.210173607,300,0.02296343,1,300,270.4375438,1,106,mutat,153631,chr.tar.gz
0,0,96455,0.091986656,300,2.34E-05,1,300,3935.931547,1,1,indiv,145988,chr.tar.gz
1,0,8191.927605,2421.806723,300,19.60078672,1,300,123.5566081,1,309994,indiv,145988,ALL.chr.250000.vcf
0,0,89064,0.084938049,300,2.61E-05,1,300,3250.470679,1,1,indiv,147023,chr.tar.gz
1,0,8191.922788,2421.789674,300,16.95863938,1,300,142.8056591,1,309992,indiv,147023,ALL.chr.250000.vcf
0,0,487.4358974,1.395959854,300,12.58535823,1,300,0.110919358,1,3003,freq,153610,chr.tar.gz
1,0,1202.20071,3.553028107,300,0.551177837,1,300,6.446246326,1,3099,freq,153610,columns.txt
0,0,71218,0.067918777,300,2.58E-05,1,300,2635.473108,1,1,indiv,149758,chr.tar.gz
1,0,8191.921474,2421.758036,300,36.00487752,1,300,67.26194345,1,309988,indiv,149758,ALL.chr.250000.vcf
0,0,194404.7778,1.668589592,300,0.002063587,1,300,808.5869857,1,9,mutat,178671,chr.tar.gz
1,0,64116.00847,7.215203285,300,0.05376346,1,300,134.2027333,1,118,mutat,178671,chr.tar.gz
0,0,507.241194,0.810269356,300,8.162347686,1,300,0.099269155,1,1675,mutat,255519,
1,0,41514.87611,4.473858833,300,0.095622549,1,300,46.78665106,1,113,mutat,255519,chr.tar.gz
0,0,116454,0.111059189,300,4.03E-05,1,300,2756.426717,1,1,indiv,148281,chr.tar.gz
1,0,8191.922137,2421.703545,300,34.65680891,1,300,69.87670304,1,309981,indiv,148281,columns.txt
0,0,168192.2222,1.443605423,300,0.014080061,1,300,102.5283501,1,9,indiv,165696,chr.tar.gz
1,0,30495.2,4.507785797,300,0.019705433,1,300,228.7585255,1,155,indiv,165696,chr.tar.gz
0,0,396.9271795,0.73815155,300,9.954327699,1,300,0.074153833,1,1950,mutat,215042,
1,0,28896.76596,2.590461731,300,0.062479845,1,300,41.46075796,1,94,mutat,215042,SIFT.chr.txt
0,0,488.9106039,0.980547905,300,8.186964763,1,300,0.119769406,1,2103,indiv,153339,
1,0,23731.60544,3.326936722,300,0.011942785,1,300,278.5729394,1,147,indiv,153339,chr.tar.gz
0,0,88127,0.084044456,300,1.68E-05,1,300,5005.625758,1,1,indiv,147483,chr.tar.gz
1,0,8191.911931,2421.802089,300,21.49533051,1,300,112.6664272,1,309994,indiv,147483,columns.txt
0,0,422551.8205,15.71609592,300,0.017251856,1,300,910.9800084,1,39,mutat,153342,chr.tar.gz
1,0,165682.2016,19.59285069,300,0.027229369,1,300,719.5484657,1,124,mutat,153342,columns.txt
0,0,90220,0.086040497,300,2.10E-05,1,300,4106.74893,1,1,indiv,150200,chr.tar.gz
1,0,8191.91223,2421.794365,300,28.58812317,1,300,84.71330385,1,309993,indiv,150200,columns.txt
0,0,81357,0.077588081,300,2.15E-05,1,300,3601.87927,1,1,indiv,149299,chr.tar.gz
1,0,8191.911931,2421.802089,300,16.85706217,1,300,143.6669133,1,309994,indiv,149299,ALL.chr.250000.vcf
0,0,170675.2,1.627685547,300,0.003148329,1,300,516.9998265,1,10,mutat,153372,chr.tar.gz
1,0,60912.94845,5.634838104,300,0.012507457,1,300,450.5182872,1,97,mutat,153372,columns.txt
0,0,70314,0.067056656,300,1.90E-05,1,300,3529.111935,1,1,indiv,149258,chr.tar.gz
1,0,8191.921474,2421.758036,300,31.41698763,1,300,77.08434889,1,309988,indiv,149258,ALL.chr.250000.vcf
0,0,172213.7778,1.478122711,300,0.002561496,1,300,577.0544679,1,9,mutat,153257,chr.tar.gz
1,0,30738.78065,4.543791771,300,0.014033388,1,300,323.7843756,1,155,mutat,153257,columns.txt
0,0,73822,0.070402145,300,2.61E-05,1,300,2700.400652,1,1,indiv,145612,chr.tar.gz
1,0,8191.9288,2422.072699,300,20.41805118,1,300,118.6240879,1,310028,indiv,145612,columns.txt
1,0,32764.63271,1190.877611,300,3.678962438,1,300,323.6993123,1,38112,sift,151680,ALL.phase3
0,0,79311,0.075636864,300,2.50E-05,1,300,3026.564111,1,1,indiv,144448,chr.tar.gz
1,0,8191.921474,2421.758036,300,72.31617416,1,300,33.4884701,1,309988,indiv,144448,ALL.chr.250000.vcf
0,0,90310,0.086126328,300,3.31E-05,1,300,2601.139425,1,1,indiv,148319,chr.tar.gz
1,0,8191.922137,2421.703545,300,34.11999315,1,300,70.97608531,1,309981,indiv,148319,ALL.chr.250000.vcf
0,0,403.4387075,1.155016899,300,10.02953793,1,300,0.115161527,1,3002,indiv,153624,
1,0,55008.53636,5.770625114,300,0.014732201,1,300,391.7014922,1,110,indiv,153624,chr.tar.gz
0,0,78994,0.075334549,300,2.40E-05,1,300,3142.737013,1,1,indiv,147999,chr.tar.gz
1,0,8191.9288,2422.072699,300,18.23481692,1,300,132.8268175,1,310028,indiv,147999,ALL.chr.250000.vcf
0,0,96239,0.091780663,300,2.66E-05,1,300,3456.768579,1,1,indiv,145516,chr.tar.gz
1,0,8191.922137,2421.703545,300,32.79635892,1,300,73.84062208,1,309981,indiv,145516,ALL.chr.250000.vcf
0,0,77235,0.073657036,300,2.90E-05,1,300,2537.185623,1,1,indiv,150292,chr.tar.gz
1,0,8191.927605,2421.806723,300,18.34205563,1,300,132.035731,1,309994,indiv,150292,columns.txt
0,0,102006,0.097280502,300,3.55E-05,1,300,2743.309617,1,1,indiv,149893,chr.tar.gz
1,0,8191.911931,2421.802089,300,19.93446233,1,300,121.4882071,1,309994,indiv,149893,columns.txt
0,0,175829.7,1.67684269,300,0.001917953,1,300,874.2876856,1,10,mutat,153653,chr.tar.gz
1,0,24501.13216,5.304104805,300,0.021530542,1,300,246.3525909,1,227,mutat,153653,columns.txt
0,0,4372.784865,12.61906338,300,3.327652995,1,300,3.792181275,1,3026,freq,153621,chr.tar.gz
1,0,2190.873871,6.477078438,300,0.577172171,1,300,11.22209067,1,3100,freq,153621,chr.tar.gz
0,0,43605,0.041584969,300,1.21E-05,1,300,3425.168319,1,1,indiv,149735,chr.tar.gz
1,0,8191.922137,2421.703545,300,36.92479029,1,300,65.58476096,1,309981,indiv,149735,columns.txt
0,0,64700,0.061702728,300,2.85E-05,1,300,2167.213244,1,1,indiv,150114,chr.tar.gz
1,0,8191.9288,2422.072699,300,18.02194427,1,300,134.395749,1,310028,indiv,150114,ALL.chr.250000.vcf
0,0,75444,0.071949005,300,3.24E-05,1,300,2219.894638,1,1,indiv,149069,chr.tar.gz
1,0,8191.929238,2421.815018,300,32.43397947,1,300,74.66906798,1,309995,indiv,149069,ALL.chr.250000.vcf
0,0,88382,0.084287643,300,1.77E-05,1,300,4756.63902,1,1,indiv,147482,chr.tar.gz
1,0,8191.911931,2421.802089,300,21.45064901,1,300,112.9011102,1,309994,indiv,147482,columns.txt
0,0,409625.5,0.781298637,300,0.002064878,1,300,378.3752054,1,2,sift,151521,SIFT.chr.txt
1,0,8191.828953,1145.085465,300,2.801437027,1,300,408.7493149,1,146574,sift,151521,SIFT.chr.txt
0,0,583.7616511,1.672382355,300,4.064039966,1,300,0.411507359,1,3004,freq,153477,chr.tar.gz
1,0,1700.444196,5.070961952,300,0.644583648,1,300,7.867034741,1,3127,freq,153477,chr.tar.gz
0,0,61109,0.058278084,300,1.68E-05,1,300,3479.080879,1,1,indiv,147549,chr.tar.gz
1,0,8191.91228,2421.833442,300,19.34828006,1,300,125.1704769,1,309998,indiv,147549,ALL.chr.250000.vcf
0,0,207766.5,1.981415749,300,0.011782245,1,300,168.1696271,1,10,mutat,153577,chr.tar.gz
1,0,25943.77093,5.616413116,300,0.02224979,1,300,252.4254439,1,227,mutat,153577,columns.txt
0,0,171677.1111,1.473516464,300,0.003382069,1,300,435.6849207,1,9,mutat,188342,chr.tar.gz
1,0,61753.20755,6.242599487,300,0.021226852,1,300,294.0897448,1,106,mutat,188342,columns.txt
0,0,75423,0.071928978,300,2.05E-05,1,300,3501.727178,1,1,indiv,148431,chr.tar.gz
1,0,8191.91223,2421.794365,300,24.16065624,1,300,100.2371103,1,309993,indiv,148431,columns.txt
0,0,80024,0.076316833,300,2.84E-05,1,300,2689.011434,1,1,indiv,150074,chr.tar.gz
1,0,8191.922788,2421.789674,300,16.87339475,1,300,143.5271153,1,309992,indiv,150074,ALL.chr.250000.vcf
0,0,79759,0.07606411,300,1.61E-05,1,300,4730.060929,1,1,indiv,149393,chr.tar.gz
1,0,8191.91223,2421.794365,300,19.28344141,1,300,125.5893237,1,309993,indiv,149393,columns.txt
0,0,3924.880913,11.3152647,300,3.309595052,1,300,3.418927248,1,3023,freq,153275,chr.tar.gz
1,0,2183.534516,6.45538044,300,0.579322411,1,300,11.14298414,1,3100,freq,153275,SIFT.chr.txt
0,0,360.1735977,0.710333824,300,9.296944277,1,300,0.076405086,1,2068,mutat,220420,
1,0,51059.14773,4.285054207,300,0.029679394,1,300,144.3780896,1,88,mutat,220420,SIFT.chr.txt
0,0,1553.239535,4.458666801,300,0.68740172,1,300,6.486260758,1,3010,freq,188322,chr.tar.gz
1,0,1555.070159,4.671545982,300,0.527867811,1,300,8.849840595,1,3150,freq,188322,SIFT.chr.txt
0,0,91895,0.087637901,300,1.71E-05,1,300,5137.039936,1,1,indiv,147583,chr.tar.gz
1,0,8191.922137,2421.703545,300,33.04503665,1,300,73.28494049,1,309981,indiv,147583,columns.txt
0,0,74194,0.070756912,300,2.87E-05,1,300,2463.595008,1,1,indiv,144644,chr.tar.gz
1,0,8191.930583,2421.83104,300,74.37051673,1,300,32.56439712,1,309997,indiv,144644,columns.txt
0,0,45424,0.043319702,300,1.41E-05,1,300,3074.281609,1,1,indiv,146692,chr.tar.gz
1,0,8191.922788,2421.789674,300,29.84718339,1,300,81.13963861,1,309992,indiv,146692,ALL.chr.250000.vcf
0,0,99217,0.094620705,300,2.96E-05,1,300,3195.457926,1,1,indiv,146361,chr.tar.gz
1,0,8191.929238,2421.815018,300,40.4192782,1,300,59.91732474,1,309995,indiv,146361,ALL.chr.250000.vcf
0,0,351731.6667,1.00631237,300,0.002565238,1,300,392.2881114,1,3,sift,151618,SIFT.chr.txt
1,0,8191.880741,1640.772988,300,4.522992889,1,300,362.7626725,1,210022,sift,151618,SIFT.chr.txt
0,0,101973,0.097249031,300,2.73E-05,1,300,3564.716508,1,1,indiv,148339,chr.tar.gz
1,0,8191.922137,2421.703545,300,34.43825314,1,300,70.32016215,1,309981,indiv,148339,columns.txt
0,0,89500,0.085353851,300,2.89E-05,1,300,2953.31827,1,1,indiv,148851,chr.tar.gz
1,0,8191.922788,2421.789674,300,29.6256599,1,300,81.74635374,1,309992,indiv,148851,ALL.chr.250000.vcf
0,0,112003,0.106814384,300,2.64E-05,1,300,4048.913402,1,1,indiv,149065,chr.tar.gz
1,0,8191.929238,2421.815018,300,32.85444235,1,300,73.71347204,1,309995,indiv,149065,ALL.chr.250000.vcf
0,0,97719,0.093192101,300,2.21E-05,1,300,4218.555091,1,1,indiv,145384,chr.tar.gz
1,0,8191.911931,2421.802089,300,17.46173635,1,300,138.6919399,1,309994,indiv,145384,columns.txt
0,0,107220,0.10225296,300,2.58E-05,1,300,3970.834539,1,1,indiv,148646,chr.tar.gz
1,0,8191.922137,2421.703545,300,35.50414364,1,300,68.20903974,1,309981,indiv,148646,ALL.chr.250000.vcf
0,0,100885,0.096211433,300,1.93E-05,1,300,4974.480813,1,1,indiv,149085,chr.tar.gz
1,0,8191.911931,2421.802089,300,20.23145357,1,300,119.7047993,1,309994,indiv,149085,ALL.chr.250000.vcf
0,0,409211.5,1.56101799,300,0.003281505,1,300,475.7018472,1,4,sift,151616,SIFT.chr.txt
1,0,8191.889692,1524.901341,300,3.93024696,1,300,387.9912273,1,195190,sift,151616,ALL.phase3
0,0,425003.7692,15.80729198,300,0.017373203,1,300,909.866303,1,39,mutat,153262,chr.tar.gz
1,0,125535.2229,18.79599571,300,0.035292508,1,300,532.5775009,1,157,mutat,153262,columns.txt
0,0,129950,0.123929977,300,3.93E-05,1,300,3156.486613,1,1,indiv,148239,chr.tar.gz
1,0,8191.922788,2421.789674,300,29.38615258,1,300,82.41261483,1,309992,indiv,148239,columns.txt
0,0,157780.8889,1.354244232,300,0.002788906,1,300,485.582602,1,9,indiv,240260,chr.tar.gz
1,0,39317.25758,4.949453354,300,0.039402042,1,300,125.6141332,1,132,indiv,240260,chr.tar.gz
0,0,79383,0.075705528,300,2.10E-05,1,300,3604.853496,1,1,indiv,149500,chr.tar.gz
1,0,8191.9288,2422.072699,300,19.87438185,1,300,121.8690834,1,310028,indiv,149500,ALL.chr.250000.vcf
0,0,84705,0.080780983,300,1.67E-05,1,300,4842.694261,1,1,indiv,144765,chr.tar.gz
1,0,8191.930583,2421.83104,300,75.44916781,1,300,32.09884364,1,309997,indiv,144765,columns.txt
0,0,109040,0.103988647,300,2.05E-05,1,300,5072.369517,1,1,indiv,150581,chr.tar.gz
1,0,8191.922788,2421.789674,300,18.05468199,1,300,134.1363794,1,309992,indiv,150581,ALL.chr.250000.vcf
0,0,85318,0.081365585,300,1.73E-05,1,300,4705.661056,1,1,indiv,145828,chr.tar.gz
1,0,8191.921474,2421.758036,300,33.27742149,1,300,72.77481029,1,309988,indiv,145828,ALL.chr.250000.vcf
0,0,88205,0.084118843,300,2.95E-05,1,300,2853.32394,1,1,indiv,147097,chr.tar.gz
1,0,8191.922137,2421.703545,300,34.90676178,1,300,69.37634491,1,309981,indiv,147097,columns.txt
0,0,66188,0.063121796,300,2.62E-05,1,300,2408.217758,1,1,indiv,148385,chr.tar.gz
1,0,8191.9288,2422.072699,300,19.61032443,1,300,123.5100779,1,310028,indiv,148385,ALL.chr.250000.vcf
0,0,85818.44444,0.736585617,300,0.004377022,1,300,168.2846504,1,9,mutat,163628,chr.tar.gz
1,0,42586.87603,4.914295197,300,0.03037697,1,300,161.777004,1,121,mutat,163628,columns.txt
0,0,618.3053613,1.770754814,300,10.98284964,1,300,0.161229086,1,3003,mutat,153399,
1,0,19520.13303,4.058255196,300,0.021191007,1,300,191.5083694,1,218,mutat,153399,columns.txt
0,0,92943,0.088637352,300,3.34E-05,1,300,2657.711972,1,1,indiv,147259,chr.tar.gz
1,0,8191.91223,2421.794365,300,23.36395199,1,300,103.6551678,1,309993,indiv,147259,ALL.chr.250000.vcf
0,0,2457.058043,7.064847946,300,11.55945688,1,300,0.611174731,1,3015,freq,162153,chr.tar.gz
1,0,1820.028479,5.363357544,300,0.703010994,1,300,7.629123285,1,3090,freq,162153,SIFT.chr.txt
0,0,749.1353086,1.446722984,300,10.04088523,1,300,0.144083211,1,2025,mutat,226209,
1,0,19520.13303,4.058255196,300,0.028002915,1,300,144.9225981,1,218,mutat,226209,chr.tar.gz
0,0,77827,0.074221611,300,1.62E-05,1,300,4586.960696,1,1,indiv,149016,chr.tar.gz
1,0,8191.91223,2421.794365,300,24.01291384,1,300,100.8538315,1,309993,indiv,149016,columns.txt
0,0,968.4190231,0.71852684,300,4.853054409,1,300,0.148056622,1,778,mutat,15844,
1,0,41514.87611,4.473858833,300,0.153327141,1,300,29.17851859,1,113,mutat,15844,SIFT.chr.txt
0,0,87795,0.083727837,300,2.26E-05,1,300,3704.607611,1,1,indiv,149228,chr.tar.gz
1,0,8191.921474,2421.758036,300,31.23784006,1,300,77.52642408,1,309988,indiv,149228,ALL.chr.250000.vcf
0,0,74536,0.071083069,300,2.85E-05,1,300,2491.432787,1,1,indiv,148022,chr.tar.gz
1,0,8191.9288,2422.072699,300,19.32139462,1,300,125.3570328,1,310028,indiv,148022,ALL.chr.250000.vcf
1,0,32765.40156,918.145937,300,4.448429064,1,300,206.3977921,1,29383,sift,151644,ALL.phase3
0,0,86576,0.082565308,300,2.01E-05,1,300,4111.613347,1,1,indiv,145146,chr.tar.gz
1,0,8191.930583,2421.83104,300,40.80336751,1,300,59.35370505,1,309997,indiv,145146,ALL.chr.250000.vcf
0,0,114793,0.109475136,300,3.55E-05,1,300,3087.981942,1,1,indiv,150054,chr.tar.gz
1,0,8191.91228,2421.833442,300,20.80881199,1,300,116.3849932,1,309998,indiv,150054,ALL.chr.250000.vcf
0,0,433077.5,2.478089333,300,0.003445589,1,300,719.2063048,1,6,merge,151626,chr.tar.gz
1,0,1381.25,2.502799034,300,0.347241758,1,300,7.207655694,1,1900,merge,151626,chr.tar.gz
0,0,160846.75,1.227163315,300,0.004949257,1,300,247.9489982,1,8,mutat,156390,chr.tar.gz
1,0,60765.58974,6.780218124,300,0.01607505,1,300,421.7851966,1,117,mutat,156390,chr.tar.gz
0,0,96101,0.091649055,300,2.15E-05,1,300,4270.493243,1,1,indiv,148994,chr.tar.gz
1,0,8191.9288,2422.072699,300,20.75452483,1,300,116.7009468,1,310028,indiv,148994,ALL.chr.250000.vcf
0,0,137114.2222,1.176860809,300,0.002215813,1,300,531.1191916,1,9,mutat,153591,chr.tar.gz
1,0,56777.63542,5.198147774,300,0.013591221,1,300,382.463634,1,96,mutat,153591,columns.txt
0,0,423.3714191,1.212082863,300,14.55295638,1,300,0.083287741,1,3002,mutat,157186,
1,0,56240.9898,5.256287575,300,0.011316722,1,300,464.4708578,1,98,mutat,157186,SIFT.chr.txt
0,0,90504,0.08631134,300,1.64E-05,1,300,5252.957235,1,1,indiv,146126,chr.tar.gz
1,0,8191.922137,2421.703545,300,33.34631005,1,300,72.62283416,1,309981,indiv,146126,columns.txt
0,0,111743.125,0.852532387,300,0.007273053,1,300,117.2179533,1,8,mutat,201522,chr.tar.gz
1,0,31891.03846,3.163021088,300,0.10352828,1,300,30.55224222,1,104,mutat,201522,columns.txt
0,0,114795,0.109477043,300,3.26E-05,1,300,3363.246694,1,1,indiv,150488,chr.tar.gz
1,0,8191.911931,2421.802089,300,15.99918356,1,300,151.3703546,1,309994,indiv,150488,columns.txt
0,0,84276,0.080371857,300,3.14E-05,1,300,2557.902571,1,1,indiv,146937,chr.tar.gz
1,0,8191.927605,2421.806723,300,17.74291755,1,300,136.4942781,1,309994,indiv,146937,columns.txt
0,0,81221,0.077458382,300,1.80E-05,1,300,4314.989786,1,1,indiv,144757,chr.tar.gz
1,0,8191.930583,2421.83104,300,75.29431386,1,300,32.16485969,1,309997,indiv,144757,ALL.chr.250000.vcf
0,0,142194.7778,1.220467567,300,0.001688654,1,300,722.7457889,1,9,mutat,153278,chr.tar.gz
1,0,36554.19608,3.555801392,300,0.018226159,1,300,195.0932937,1,102,mutat,153278,columns.txt
0,0,86385,0.082383156,300,2.10E-05,1,300,3917.22485,1,1,indiv,144723,chr.tar.gz
1,0,8191.930583,2421.83104,300,75.84866976,1,300,31.92977607,1,309997,indiv,144723,columns.txt
0,0,109684,0.104602814,300,2.45E-05,1,300,4267.586542,1,1,indiv,147882,chr.tar.gz
1,0,8191.922788,2421.789674,300,18.81027512,1,300,128.7482325,1,309992,indiv,147882,columns.txt
0,0,87705,0.083642006,300,2.93E-05,1,300,2853.604651,1,1,indiv,149930,chr.tar.gz
1,0,8191.922137,2421.703545,300,32.94729993,1,300,73.50233707,1,309981,indiv,149930,ALL.chr.250000.vcf
0,0,156384.125,1.193116188,300,0.002464761,1,300,484.0697285,1,8,indiv,153532,chr.tar.gz
1,0,60470.79487,6.747324944,300,0.015792795,1,300,427.2407097,1,117,indiv,153532,chr.tar.gz
0,0,422.6399067,1.209988594,300,3.144257996,1,300,0.384824844,1,3002,mutat,153592,
1,0,28863.80165,3.330726624,300,0.022321399,1,300,149.2167504,1,121,mutat,153592,chr.tar.gz
0,0,101739,0.097025871,300,3.05E-05,1,300,3178.987297,1,1,indiv,145241,chr.tar.gz
1,0,8191.929238,2421.815018,300,34.06393719,1,300,71.09615674,1,309995,indiv,145241,columns.txt
0,0,67515,0.064387321,300,2.43E-05,1,300,2649.574975,1,1,indiv,150058,chr.tar.gz
1,0,8191.921474,2421.758036,300,30.54337527,1,300,79.28914254,1,309988,indiv,150058,columns.txt
0,0,85779,0.081805229,300,1.64E-05,1,300,5000.014008,1,1,indiv,147479,chr.tar.gz
1,0,8191.911931,2421.802089,300,21.52140962,1,300,112.5299008,1,309994,indiv,147479,ALL.chr.250000.vcf
0,0,205191.2,1.956855774,300,0.002626608,1,300,745.0124929,1,10,mutat,177035,chr.tar.gz
1,0,51267.70492,5.9649086,300,0.02074492,1,300,287.535869,1,122,mutat,177035,SIFT.chr.txt
0,0,69494,0.066274643,300,3.06E-05,1,300,2168.601909,1,1,indiv,144556,chr.tar.gz
1,0,8191.930583,2421.83104,300,71.61622065,1,300,33.81679483,1,309997,indiv,144556,ALL.chr.250000.vcf
0,0,63502,0.060560226,300,1.50E-05,1,300,4045.439308,1,1,indiv,144773,chr.tar.gz
1,0,8191.929238,2421.815018,300,71.89355542,1,300,33.68612115,1,309995,indiv,144773,ALL.chr.250000.vcf
0,0,89621.33333,0.769226074,300,0.001274107,1,300,603.737421,1,9,indiv,153364,chr.tar.gz
1,0,34711.80303,4.369695663,300,0.017566831,1,300,248.7469518,1,132,indiv,153364,chr.tar.gz
0,0,396.1009327,1.134009361,300,7.178869136,1,300,0.157964902,1,3002,mutat,153373,
1,0,55008.53636,5.770625114,300,0.014655664,1,300,393.7470943,1,110,mutat,153373,SIFT.chr.txt
0,0,171341.875,1.307234764,300,0.001907723,1,300,685.2330051,1,8,mutat,153385,chr.tar.gz
1,0,36115.39844,4.408617973,300,0.012778615,1,300,344.9996712,1,128,mutat,153385,columns.txt
0,0,104893,0.10003376,300,1.92E-05,1,300,5204.670139,1,1,indiv,146142,chr.tar.gz
1,0,8191.922137,2421.703545,300,33.22375864,1,300,72.89071568,1,309981,indiv,146142,ALL.chr.250000.vcf
1,0,32765.2124,1136.340822,300,6.336132327,1,300,179.3429751,1,36366,sift,151655,ALL.phase3
0,0,377.5063291,1.080774307,300,11.59737254,1,300,0.093191307,1,3002,mutat,153510,
1,0,27227.85567,2.518751144,300,0.009171044,1,300,274.6417032,1,97,mutat,153510,SIFT.chr.txt
0,0,80457,0.076729774,300,2.01E-05,1,300,3809.630826,1,1,indiv,144731,chr.tar.gz
1,0,8191.930583,2421.83104,300,75.9234713,1,300,31.89831812,1,309997,indiv,144731,columns.txt
0,0,103403,0.098612785,300,1.95E-05,1,300,5061.998118,1,1,indiv,147813,chr.tar.gz
1,0,8191.911931,2421.802089,300,18.71365499,1,300,129.4136335,1,309994,indiv,147813,ALL.chr.250000.vcf
0,0,356470,0.679912567,300,0.001355773,1,300,501.4944,1,2,sift,151612,SIFT.chr.txt
1,0,8191.854789,1198.611566,300,3.45886338,1,300,346.5333648,1,153425,sift,151612,ALL.phase3
0,0,79869,0.076169014,300,1.94E-05,1,300,3924.012878,1,1,indiv,144778,chr.tar.gz
1,0,8191.929238,2421.815018,300,72.6272744,1,300,33.34580621,1,309995,indiv,144778,ALL.chr.250000.vcf
0,0,93123,0.088809013,300,3.34E-05,1,300,2655.692514,1,1,indiv,146741,chr.tar.gz
1,0,8191.922788,2421.789674,300,21.22375347,1,300,114.1075106,1,309992,indiv,146741,columns.txt
0,0,86089,0.082100868,300,3.04E-05,1,300,2700.597619,1,1,indiv,150453,chr.tar.gz
1,0,8191.929238,2421.815018,300,30.6800304,1,300,78.93782978,1,309995,indiv,150453,ALL.chr.250000.vcf
0,0,82683,0.078852654,300,1.97E-05,1,300,3998.613261,1,1,indiv,147350,chr.tar.gz
1,0,8191.927605,2421.806723,300,22.09097205,1,300,109.6287985,1,309994,indiv,147350,ALL.chr.250000.vcf
0,0,75699,0.072192192,300,1.54E-05,1,300,4702.768033,1,1,indiv,148996,chr.tar.gz
1,0,8191.921474,2421.758036,300,32.17636775,1,300,75.26511552,1,309988,indiv,148996,ALL.chr.250000.vcf
0,0,75394,0.071901321,300,2.77E-05,1,300,2591.879219,1,1,indiv,149870,chr.tar.gz
1,0,8191.921474,2421.758036,300,32.0762144,1,300,75.50011999,1,309988,indiv,149870,columns.txt
0,0,427195,15.88879108,300,0.019902887,1,300,798.3158968,1,39,mutat,153487,chr.tar.gz
1,0,108443.7104,18.92585659,300,0.029079608,1,300,650.8291511,1,183,mutat,153487,SIFT.chr.txt
0,0,160869.6667,1.380755424,300,0.001861789,1,300,741.6283072,1,9,mutat,153599,chr.tar.gz
1,0,47682.33884,5.50228405,300,0.018839677,1,300,292.0583007,1,121,mutat,153599,chr.tar.gz
0,0,85030,0.081090927,300,2.17E-05,1,300,3730.033446,1,1,indiv,147238,chr.tar.gz
1,0,8191.91223,2421.794365,300,22.42098735,1,300,108.0146171,1,309993,indiv,147238,ALL.chr.250000.vcf
0,0,68213,0.065052986,300,1.51E-05,1,300,4322.170364,1,1,indiv,145868,chr.tar.gz
1,0,8191.927605,2421.806723,300,20.28861222,1,300,119.3677861,1,309994,indiv,145868,columns.txt
0,0,75786,0.072275162,300,2.62E-05,1,300,2755.333832,1,1,indiv,144446,chr.tar.gz
1,0,8191.91223,2421.794365,300,24.99362958,1,300,96.89646544,1,309993,indiv,144446,ALL.chr.250000.vcf
0,0,123794.2222,1.062534332,300,0.002116488,1,300,502.0270997,1,9,mutat,154741,chr.tar.gz
1,0,44949.81818,5.186965942,300,0.017255751,1,300,300.5934626,1,121,mutat,154741,SIFT.chr.txt
0,0,362.1791648,0.769207954,300,10.86822536,1,300,0.070775856,1,2227,mutat,234647,
1,0,27227.85567,2.518751144,300,0.105023512,1,300,23.98273583,1,97,mutat,234647,columns.txt
0,0,69323,0.066111565,300,2.52E-05,1,300,2627.54122,1,1,indiv,146902,chr.tar.gz
1,0,8191.9288,2422.072699,300,17.32757747,1,300,139.7813804,1,310028,indiv,146902,ALL.chr.250000.vcf
0,0,431547.5,15.63911915,300,0.027154079,1,300,575.9399591,1,38,mutat,153575,chr.tar.gz
1,0,153058.9448,21.16541576,300,0.03081496,1,300,686.8552081,1,145,mutat,153575,columns.txt
0,0,438187.5,0.835776329,300,0.002004237,1,300,417.00474,1,2,sift,151510,SIFT.chr.txt
1,0,8191.853947,1355.538332,300,4.063055731,1,300,333.6253356,1,173512,sift,151510,ALL.phase3
0,0,152663.125,1.164727211,300,0.001803029,1,300,645.9836259,1,8,mutat,153513,chr.tar.gz
1,0,35042.125,3.475552559,300,0.009638955,1,300,360.5735849,1,104,mutat,153513,chr.tar.gz
0,0,87361,0.083313942,300,1.82E-05,1,300,4577.689118,1,1,indiv,146527,chr.tar.gz
1,0,8191.91228,2421.833442,300,27.55734108,1,300,87.88342223,1,309998,indiv,146527,ALL.chr.250000.vcf
0,0,121042.8889,1.038919449,300,0.000667035,1,300,1557.518644,1,9,mutat,153525,chr.tar.gz
1,0,36811.80303,4.634054184,300,0.013407677,1,300,345.6269258,1,132,mutat,153525,SIFT.chr.txt
0,0,71465,0.068154335,300,2.70E-05,1,300,2520.407345,1,1,indiv,149955,chr.tar.gz
1,0,8191.9288,2422.072699,300,20.05136329,1,300,120.7934176,1,310028,indiv,149955,ALL.chr.250000.vcf
0,0,83092,0.079242706,300,2.95E-05,1,300,2686.10238,1,1,indiv,148146,chr.tar.gz
1,0,8191.929238,2421.815018,300,38.95411969,1,300,62.17096001,1,309995,indiv,148146,ALL.chr.250000.vcf
0,0,119733,0.114186287,300,2.48E-05,1,300,4596.686403,1,1,indiv,150330,chr.tar.gz
1,0,8191.911931,2421.802089,300,18.39750556,1,300,131.6375245,1,309994,indiv,150330,columns.txt
0,0,74799,0.071333885,300,1.73E-05,1,300,4118.346816,1,1,indiv,146104,chr.tar.gz
1,0,8191.921474,2421.758036,300,32.42541384,1,300,74.68703555,1,309988,indiv,146104,columns.txt
0,0,93593,0.08925724,300,2.63E-05,1,300,3400.146291,1,1,indiv,144425,chr.tar.gz
1,0,8191.91223,2421.794365,300,25.02516658,1,300,96.77435541,1,309993,indiv,144425,columns.txt
0,0,105756,0.100856781,300,1.99E-05,1,300,5057.759441,1,1,indiv,146976,chr.tar.gz
1,0,8191.927605,2421.806723,300,17.0573384,1,300,141.980341,1,309994,indiv,146976,columns.txt
0,0,71961,0.068627357,300,1.52E-05,1,300,4529.559599,1,1,indiv,148405,chr.tar.gz
1,0,8191.921474,2421.758036,300,34.08117482,1,300,71.05852567,1,309988,indiv,148405,ALL.chr.250000.vcf
0,0,88729,0.084618568,300,2.00E-05,1,300,4230.928421,1,1,indiv,144748,chr.tar.gz
1,0,8191.930583,2421.83104,300,75.83039481,1,300,31.93747107,1,309997,indiv,144748,ALL.chr.250000.vcf
0,0,166290.5556,1.427283287,300,0.003178781,1,300,449.0033403,1,9,mutat,153441,chr.tar.gz
1,0,47724.15702,5.507109642,300,0.014955271,1,300,368.2387061,1,121,mutat,153441,SIFT.chr.txt
0,0,64149,0.061177254,300,1.99E-05,1,300,3072.535469,1,1,indiv,145245,chr.tar.gz
1,0,8191.929238,2421.815018,300,33.91165391,1,300,71.41542032,1,309995,indiv,145245,ALL.chr.250000.vcf
0,0,111398,0.106237411,300,1.86E-05,1,300,5711.381727,1,1,indiv,145933,chr.tar.gz
1,0,8191.911931,2421.802089,300,19.39010962,1,300,124.8988343,1,309994,indiv,145933,ALL.chr.250000.vcf
0,0,88644,0.084537506,300,1.92E-05,1,300,4407.356556,1,1,indiv,150713,chr.tar.gz
1,0,8191.91223,2421.794365,300,30.47413991,1,300,79.47047472,1,309993,indiv,150713,columns.txt
0,0,97811,0.093279839,300,2.89E-05,1,300,3233.1579,1,1,indiv,146784,chr.tar.gz
1,0,8191.922137,2421.703545,300,30.9558287,1,300,78.23093894,1,309981,indiv,146784,columns.txt
0,0,82396,0.078578949,300,1.63E-05,1,300,4829.386576,1,1,indiv,146035,chr.tar.gz
1,0,8191.922788,2421.789674,300,20.20697406,1,300,119.8491999,1,309992,indiv,146035,ALL.chr.250000.vcf
0,0,77496,0.073905945,300,2.08E-05,1,300,3546.180357,1,1,indiv,145425,chr.tar.gz
1,0,8191.922788,2421.789674,300,17.68781336,1,300,136.9185452,1,309992,indiv,145425,ALL.chr.250000.vcf
0,0,69507,0.066287041,300,1.78E-05,1,300,3734.270785,1,1,indiv,150634,chr.tar.gz
1,0,8191.9288,2422.072699,300,21.82724448,1,300,110.9655734,1,310028,indiv,150634,columns.txt
0,0,307088.5,0.585724831,300,0.001392184,1,300,420.7237194,1,2,sift,151615,SIFT.chr.txt
1,0,8191.773597,924.8650637,300,2.815487282,1,300,328.4920055,1,118386,sift,151615,ALL.phase3
0,0,87216,0.083175659,300,3.20E-05,1,300,2599.970591,1,1,indiv,146857,chr.tar.gz
1,0,8191.921474,2421.758036,300,27.63265381,1,300,87.64116731,1,309988,indiv,146857,ALL.chr.250000.vcf
0,0,74128,0.07069397,300,2.36E-05,1,300,2992.844068,1,1,indiv,147177,chr.tar.gz
1,0,8191.9288,2422.072699,300,17.22529972,1,300,140.6113529,1,310028,indiv,147177,columns.txt
0,0,98337,0.093781471,300,2.12E-05,1,300,4421.360202,1,1,indiv,146763,chr.tar.gz
1,0,8191.922137,2421.703545,300,31.98273467,1,300,75.71908936,1,309981,indiv,146763,ALL.chr.250000.vcf
0,0,85703,0.08173275,300,2.80E-05,1,300,2922.053196,1,1,indiv,146271,chr.tar.gz
1,0,8191.921474,2421.758036,300,32.71785312,1,300,74.01946659,1,309988,indiv,146271,columns.txt
0,0,114273,0.108979225,300,3.63E-05,1,300,2998.712926,1,1,indiv,148539,chr.tar.gz
1,0,8191.911931,2421.802089,300,18.98409369,1,300,127.5700662,1,309994,indiv,148539,columns.txt
0,0,71329,0.068024635,300,1.61E-05,1,300,4227.495825,1,1,indiv,146193,chr.tar.gz
1,0,8191.9288,2422.072699,300,18.42072596,1,300,131.4862782,1,310028,indiv,146193,columns.txt
0,0,80384,0.076660156,300,2.20E-05,1,300,3489.151893,1,1,indiv,150653,chr.tar.gz
1,0,8191.911931,2421.802089,300,18.51449047,1,300,130.8057649,1,309994,indiv,150653,columns.txt
0,0,81043,0.077288628,300,2.59E-05,1,300,2984.001684,1,1,indiv,144393,chr.tar.gz
1,0,8191.91223,2421.794365,300,25.03093859,1,300,96.75203974,1,309993,indiv,144393,ALL.chr.250000.vcf
0,0,76575,0.073027611,300,1.63E-05,1,300,4488.206673,1,1,indiv,144782,chr.tar.gz
1,0,8191.930583,2421.83104,300,75.84853768,1,300,31.92983167,1,309997,indiv,144782,columns.txt
0,0,2850.733267,8.204949379,300,3.366293127,1,300,2.43738411,1,3018,freq,33878,chr.tar.gz
1,0,1561.313651,4.690301895,300,0.847466788,1,300,5.534496409,1,3150,freq,33878,SIFT.chr.txt
0,0,3414.200993,9.833228111,300,9.469919512,1,300,1.038364486,1,3020,freq,153657,chr.tar.gz
1,0,1821.183495,5.366761208,300,0.574630718,1,300,9.339495853,1,3090,freq,153657,columns.txt
0,0,85711,0.081740379,300,2.90E-05,1,300,2816.594167,1,1,indiv,145446,chr.tar.gz
1,0,8191.922137,2421.703545,300,13.72013863,1,300,176.5072213,1,309981,indiv,145446,ALL.chr.250000.vcf
0,0,74633,0.071175575,300,2.62E-05,1,300,2718.596511,1,1,indiv,148775,chr.tar.gz
1,0,8191.929238,2421.815018,300,36.47659609,1,300,66.3936682,1,309995,indiv,148775,columns.txt
0,0,101235,0.096545219,300,2.38E-05,1,300,4061.470675,1,1,indiv,149928,chr.tar.gz
1,0,8191.922137,2421.703545,300,32.97624193,1,300,73.43782685,1,309981,indiv,149928,ALL.chr.250000.vcf
0,0,96060,0.091609955,300,3.79E-05,1,300,2417.723334,1,1,indiv,144386,chr.tar.gz
1,0,8191.91228,2421.833442,300,28.68634991,1,300,84.42459391,1,309998,indiv,144386,ALL.chr.250000.vcf
0,0,76440,0.072898865,300,2.78E-05,1,300,2619.340475,1,1,indiv,146487,chr.tar.gz
1,0,8191.921474,2421.758036,300,37.67271636,1,300,64.28413636,1,309988,indiv,146487,ALL.chr.250000.vcf
0,0,96133,0.091679573,300,2.98E-05,1,300,3080.527303,1,1,indiv,144544,chr.tar.gz
1,0,8191.91228,2421.833442,300,28.68667881,1,300,84.42362596,1,309998,indiv,144544,ALL.chr.250000.vcf
0,0,424983.2,16.21182251,300,0.029000758,1,300,559.0137509,1,40,indiv,153495,chr.tar.gz
1,0,140497.2148,19.9642992,300,0.031674819,1,300,630.2892907,1,149,indiv,153495,chr.tar.gz
0,0,77079,0.073508263,300,2.47E-05,1,300,2977.127805,1,1,indiv,148725,chr.tar.gz
1,0,8191.921474,2421.758036,300,34.18039648,1,300,70.85225114,1,309988,indiv,148725,ALL.chr.250000.vcf
0,0,87758,0.083692551,300,2.44E-05,1,300,3434.104085,1,1,indiv,147236,chr.tar.gz
1,0,8191.91228,2421.833442,300,18.52216501,1,300,130.7532592,1,309998,indiv,147236,columns.txt
0,0,433.1114768,1.004117966,300,12.07383647,1,300,0.083164781,1,2431,indiv,201719,
1,0,32453.28226,3.83778286,300,0.0250118,1,300,153.4388912,1,124,indiv,201719,chr.tar.gz
0,0,414888,1.978340149,300,0.003361283,1,300,588.5669695,1,5,merge,151583,chr.tar.gz
1,0,1262.61664,2.286633492,300,0.348370445,1,300,6.56379875,1,1899,merge,151583,chr.tar.gz
0,0,68192.11111,0.585297585,300,0.001801888,1,300,324.8246198,1,9,indiv,153425,chr.tar.gz
1,0,50466.76042,4.620369911,300,0.012093957,1,300,382.0395518,1,96,indiv,153425,chr.tar.gz
0,0,408.7800155,0.503287315,300,7.167399261,1,300,0.070218959,1,1291,mutat,213393,
1,0,28896.76596,2.590461731,300,0.061577566,1,300,42.06827095,1,94,mutat,213393,columns.txt
0,0,98992,0.094406128,300,2.79E-05,1,300,3383.610907,1,1,indiv,146451,chr.tar.gz
1,0,8191.911931,2421.802089,300,18.61314015,1,300,130.1124942,1,309994,indiv,146451,ALL.chr.250000.vcf
0,0,484485.2,4.620410919,300,0.006149876,1,300,751.3014765,1,10,merge,151562,chr.tar.gz
1,0,1474.979772,2.712021828,300,0.344994632,1,300,7.861055147,1,1928,merge,151562,chr.tar.gz
0,0,46944,0.044769287,300,1.61E-05,1,300,2787.453279,1,1,indiv,146084,chr.tar.gz
1,0,8191.921474,2421.758036,300,32.47151307,1,300,74.58100368,1,309988,indiv,146084,columns.txt
0,0,439.3665138,0.91344738,300,11.01042613,1,300,0.082962037,1,2180,mutat,239720,
1,0,28863.80165,3.330726624,300,0.024725528,1,300,134.708008,1,121,mutat,239720,columns.txt
0,0,41897,0.039956093,300,1.57E-05,1,300,2548.057703,1,1,indiv,144752,chr.tar.gz
1,0,8191.930583,2421.83104,300,76.00479969,1,300,31.86418556,1,309997,indiv,144752,columns.txt
0,0,79683,0.075991631,300,1.56E-05,1,300,4861.908545,1,1,indiv,146191,chr.tar.gz
1,0,8191.9288,2422.072699,300,18.29824497,1,300,132.3663938,1,310028,indiv,146191,ALL.chr.250000.vcf
0,0,87435,0.083384514,300,2.58E-05,1,300,3238.107796,1,1,indiv,144498,chr.tar.gz
1,0,8191.91223,2421.794365,300,25.00193244,1,300,96.86428722,1,309993,indiv,144498,ALL.chr.250000.vcf
0,0,106902.7778,0.917553902,300,0.001737387,1,300,528.1229235,1,9,indiv,153560,chr.tar.gz
1,0,33319.38235,3.241135597,300,0.01075846,1,300,301.2638981,1,102,indiv,153560,chr.tar.gz
0,0,524.9094773,1.177894592,300,10.67727228,1,300,0.110317932,1,2353,mutat,218902,
1,0,41514.87611,4.473858833,300,0.023413356,1,300,191.081485,1,113,mutat,218902,columns.txt
0,0,91625,0.087380409,300,2.70E-05,1,300,3233.796278,1,1,indiv,147386,chr.tar.gz
1,0,8191.927605,2421.806723,300,20.27724975,1,300,119.4346744,1,309994,indiv,147386,columns.txt
0,0,90958,0.086744308,300,1.67E-05,1,300,5190.850845,1,1,indiv,148645,chr.tar.gz
1,0,8191.922137,2421.703545,300,36.04408764,1,300,67.18726158,1,309981,indiv,148645,ALL.chr.250000.vcf
0,0,102075,0.097346306,300,2.11E-05,1,300,4619.918649,1,1,indiv,148921,chr.tar.gz
1,0,8191.922137,2421.703545,300,34.93416843,1,300,69.32191759,1,309981,indiv,148921,columns.txt
0,0,323343.5,0.616728783,300,0.001252767,1,300,492.2932857,1,2,sift,151537,SIFT.chr.txt
1,0,8191.731026,816.3560076,300,2.103736371,1,300,388.0505271,1,104497,sift,151537,SIFT.chr.txt
0,0,137467.7778,1.179895401,300,0.006025796,1,300,195.8073923,1,9,mutat,157120,chr.tar.gz
1,0,56838.26042,5.203698158,300,0.01989993,1,300,261.4932896,1,96,mutat,157120,SIFT.chr.txt
0,0,123066,0.117364883,300,3.52E-05,1,300,3335.082363,1,1,indiv,149872,chr.tar.gz
1,0,8191.929238,2421.815018,300,33.08347674,1,300,73.2031593,1,309995,indiv,149872,ALL.chr.250000.vcf
0,0,80814,0.077070236,300,2.95E-05,1,300,2612.461822,1,1,indiv,149615,chr.tar.gz
1,0,8191.929238,2421.815018,300,41.23515752,1,300,58.73179984,1,309995,indiv,149615,columns.txt
0,0,79598,0.075910568,300,2.50E-05,1,300,3038.732166,1,1,indiv,144418,chr.tar.gz
1,0,8191.91228,2421.833442,300,28.69431049,1,300,84.40117223,1,309998,indiv,144418,ALL.chr.250000.vcf
0,0,422669.7436,15.72048187,300,0.015932411,1,300,986.6982387,1,39,mutat,153363,chr.tar.gz
1,0,144753.5231,17.94620323,300,0.022397194,1,300,801.2701605,1,130,mutat,153363,chr.tar.gz
0,0,310889,0.592973709,300,0.001494428,1,300,396.7897477,1,2,sift,151590,SIFT.chr.txt
1,0,8191.811959,1287.923561,300,3.813700101,1,300,337.7097116,1,164858,sift,151590,SIFT.chr.txt
0,0,73488,0.070083618,300,1.57E-05,1,300,4452.58057,1,1,indiv,147143,chr.tar.gz
1,0,8191.9288,2422.072699,300,16.52457739,1,300,146.5739572,1,310028,indiv,147143,columns.txt
0,0,77823,0.074217796,300,1.64E-05,1,300,4530.724396,1,1,indiv,147880,chr.tar.gz
1,0,8191.922788,2421.789674,300,18.76976982,1,300,129.0260721,1,309992,indiv,147880,ALL.chr.250000.vcf
0,0,72639,0.069273949,300,3.02E-05,1,300,2292.245414,1,1,indiv,150096,chr.tar.gz
1,0,8191.922137,2421.703545,300,31.7625597,1,300,76.24396672,1,309981,indiv,150096,columns.txt
0,0,80630,0.07689476,300,2.03E-05,1,300,3784.004731,1,1,indiv,148198,chr.tar.gz
1,0,8191.911931,2421.802089,300,25.1349485,1,300,96.35198134,1,309994,indiv,148198,ALL.chr.250000.vcf
0,0,646.1628788,1.626844406,300,12.79010663,1,300,0.127195531,1,2640,mutat,201883,
1,0,19520.13303,4.058255196,300,0.067706791,1,300,59.93867285,1,218,mutat,201883,columns.txt
0,0,1928.943891,5.540827751,300,0.749843533,1,300,7.389311913,1,3012,freq,188332,chr.tar.gz
1,0,1801.134951,5.307681084,300,0.541636772,1,300,9.799336674,1,3090,freq,188332,columns.txt
0,0,80844,0.077098846,300,2.38E-05,1,300,3242.035509,1,1,indiv,147786,chr.tar.gz
1,0,8191.929238,2421.815018,300,35.61722949,1,300,67.9956036,1,309995,indiv,147786,ALL.chr.250000.vcf
0,0,204069.7,1.946160316,300,0.003500424,1,300,555.9784519,1,10,indiv,153260,chr.tar.gz
1,0,25793.12335,5.583800316,300,0.02144338,1,300,260.3973961,1,227,indiv,153260,SIFT.chr.txt
0,0,192262.4545,2.016913414,300,0.011952957,1,300,168.7376115,1,11,mutat,227724,chr.tar.gz
1,0,65483.70093,6.682163239,300,0.139343217,1,300,47.95470768,1,107,mutat,227724,columns.txt
0,0,95836,0.091396332,300,1.90E-05,1,300,4812.612911,1,1,indiv,149334,chr.tar.gz
1,0,8191.91228,2421.833442,300,21.009844,1,300,115.2713672,1,309998,indiv,149334,columns.txt
0,0,122858.4,1.171669006,300,0.019908897,1,300,58.85152785,1,10,mutat,202109,chr.tar.gz
1,0,58638.65094,5.927750587,300,0.040039766,1,300,148.0465842,1,106,mutat,202109,columns.txt
0,0,102822,0.098058701,300,3.42E-05,1,300,2864.533202,1,1,indiv,150350,chr.tar.gz
1,0,8191.927605,2421.806723,300,18.17698668,1,300,133.2347746,1,309994,indiv,150350,ALL.chr.250000.vcf
0,0,83021,0.079174995,300,1.67E-05,1,300,4752.115445,1,1,indiv,149109,chr.tar.gz
1,0,8191.911931,2421.802089,300,19.68112487,1,300,123.0520158,1,309994,indiv,149109,columns.txt
0,0,3722.70814,10.72885895,300,12.26207968,1,300,0.874962423,1,3022,freq,153343,chr.tar.gz
1,0,1925.504812,5.914736748,300,0.509622388,1,300,11.60611639,1,3221,freq,153343,columns.txt
0,0,167373.875,1.276961327,300,0.00112453,1,300,1135.551143,1,8,mutat,153318,chr.tar.gz
1,0,35845.35156,4.375653267,300,0.008200927,1,300,533.5559342,1,128,mutat,153318,columns.txt
0,0,98328,0.093772888,300,1.72E-05,1,300,5451.59515,1,1,indiv,145191,chr.tar.gz
1,0,8191.929238,2421.815018,300,34.58195944,1,300,70.03116818,1,309995,indiv,145191,columns.txt
0,0,176813.9,1.686228752,300,0.002658981,1,300,634.1635206,1,10,mutat,153651,chr.tar.gz
1,0,40620.81553,3.990119934,300,0.01143468,1,300,348.948981,1,103,mutat,153651,chr.tar.gz
0,0,67272,0.064155579,300,1.67E-05,1,300,3834.533418,1,1,indiv,149375,chr.tar.gz
1,0,8191.9288,2422.072699,300,17.6048201,1,300,137.580088,1,310028,indiv,149375,ALL.chr.250000.vcf
0,0,368.2850028,0.634661674,300,9.373566144,1,300,0.067707601,1,1807,indiv,153472,
1,0,27227.85567,2.518751144,300,0.009562753,1,300,263.3918438,1,97,indiv,153472,SIFT.chr.txt
0,0,192618.2,1.836950302,300,0.004099371,1,300,448.105405,1,10,mutat,255449,chr.tar.gz
1,0,39082.93846,4.845411301,300,0.19079903,1,300,25.39536653,1,130,mutat,255449,chr.tar.gz
0,0,482654.6,2.301476479,300,0.003434766,1,300,670.053354,1,5,merge,151580,chr.tar.gz
1,0,1078.827201,2.208940506,300,0.391630078,1,300,5.640375012,1,2147,merge,151580,chr.tar.gz
0,0,89979,0.085810661,300,2.41E-05,1,300,3561.938538,1,1,indiv,146011,chr.tar.gz
1,0,8191.911931,2421.802089,300,18.46923221,1,300,131.1263003,1,309994,indiv,146011,columns.txt
0,0,71669,0.068348885,300,3.19E-05,1,300,2145.894464,1,1,indiv,150245,chr.tar.gz
1,0,8191.921474,2421.758036,300,30.53249702,1,300,79.31739202,1,309988,indiv,150245,ALL.chr.250000.vcf
0,0,96187,0.091731071,300,2.60E-05,1,300,3530.698259,1,1,indiv,144421,chr.tar.gz
1,0,8191.91223,2421.794365,300,25.01893002,1,300,96.79847872,1,309993,indiv,144421,columns.txt
0,0,119889.25,0.914682388,300,0.002678791,1,300,341.4534349,1,8,mutat,238474,chr.tar.gz
1,0,57965.05128,6.467734337,300,0.224092836,1,300,28.86185231,1,117,mutat,238474,chr.tar.gz
0,0,91681,0.087433815,300,2.40E-05,1,300,3638.376056,1,1,indiv,144454,chr.tar.gz
1,0,8191.91223,2421.794365,300,25.03500581,1,300,96.73632126,1,309993,indiv,144454,columns.txt
0,0,75499,0.072001457,300,1.56E-05,1,300,4627.343009,1,1,indiv,149171,chr.tar.gz
1,0,8191.9288,2422.072699,300,18.42911163,1,300,131.4264489,1,310028,indiv,149171,ALL.chr.250000.vcf
0,0,91654,0.087408066,300,3.27E-05,1,300,2671.314012,1,1,indiv,144521,chr.tar.gz
1,0,8191.91223,2421.794365,300,25.03148895,1,300,96.74991248,1,309993,indiv,144521,columns.txt
0,0,75998,0.072477341,300,2.49E-05,1,300,2916.475824,1,1,indiv,144396,chr.tar.gz
1,0,8191.91223,2421.794365,300,25.00443963,1,300,96.85457465,1,309993,indiv,144396,ALL.chr.250000.vcf
0,0,80069,0.076359749,300,1.77E-05,1,300,4306.567528,1,1,indiv,144735,chr.tar.gz
1,0,8191.930583,2421.83104,300,73.88819792,1,300,32.77696721,1,309997,indiv,144735,ALL.chr.250000.vcf
0,0,73520,0.070114136,300,1.57E-05,1,300,4474.13284,1,1,indiv,147616,chr.tar.gz
1,0,8191.9288,2422.072699,300,17.56401917,1,300,137.8996843,1,310028,indiv,147616,columns.txt
0,0,91904,0.087646484,300,2.60E-05,1,300,3365.711162,1,1,indiv,147193,chr.tar.gz
1,0,8191.91228,2421.833442,300,17.52959909,1,300,138.1568072,1,309998,indiv,147193,ALL.chr.250000.vcf
0,0,101568,0.096862793,300,3.03E-05,1,300,3198.797694,1,1,indiv,145427,chr.tar.gz
1,0,8191.911931,2421.802089,300,16.24006482,1,300,149.1251491,1,309994,indiv,145427,columns.txt
0,0,442.9843081,1.184585571,300,11.99147721,1,300,0.098785625,1,2804,mutat,157253,
1,0,56240.9898,5.256287575,300,0.013310764,1,300,394.8899984,1,98,mutat,157253,columns.txt
0,0,111610,0.10643959,300,2.78E-05,1,300,3830.002175,1,1,indiv,145522,chr.tar.gz
1,0,8191.922137,2421.703545,300,32.72129982,1,300,74.01000443,1,309981,indiv,145522,ALL.chr.250000.vcf
0,0,67229,0.064114571,300,2.12E-05,1,300,3024.129551,1,1,indiv,148001,chr.tar.gz
1,0,8191.921474,2421.758036,300,31.95791985,1,300,75.77958913,1,309988,indiv,148001,columns.txt
0,0,817.6764296,0.559114456,300,3.632928456,1,300,0.153901863,1,717,mutat,2380,
1,0,56240.9898,5.256287575,300,0.140229203,1,300,37.48354453,1,98,mutat,2380,SIFT.chr.txt
0,0,93649,0.089310646,300,2.04E-05,1,300,4377.75825,1,1,indiv,144713,chr.tar.gz
1,0,8191.930583,2421.83104,300,75.31391386,1,300,32.15648897,1,309997,indiv,144713,ALL.chr.250000.vcf
0,0,78389,0.074757576,300,1.74E-05,1,300,4303.832815,1,1,indiv,149227,chr.tar.gz
1,0,8191.9288,2422.072699,300,18.09463234,1,300,133.8558669,1,310028,indiv,149227,ALL.chr.250000.vcf
0,0,369.9481673,0.952939987,300,12.93447495,1,300,0.073674424,1,2701,mutat,164854,
1,0,51059.14773,4.285054207,300,0.021988398,1,300,194.8779628,1,88,mutat,164854,columns.txt
0,0,95166,0.09075737,300,3.22E-05,1,300,2814.967588,1,1,indiv,150056,chr.tar.gz
1,0,8191.9288,2422.072699,300,18.52751463,1,300,130.7284192,1,310028,indiv,150056,ALL.chr.250000.vcf
0,0,631.6769398,1.661458015,300,12.27012071,1,300,0.135406819,1,2758,mutat,205983,
1,0,19520.13303,4.058255196,300,0.078081829,1,300,51.97438697,1,218,mutat,205983,columns.txt
0,0,82117,0.078312874,300,2.49E-05,1,300,3151.296682,1,1,indiv,145279,chr.tar.gz
1,0,8191.921474,2421.758036,300,30.28928109,1,300,79.95429236,1,309988,indiv,145279,columns.txt
0,0,392.9678683,0.956396103,300,13.11404459,1,300,0.072929148,1,2552,mutat,201012,
1,0,55008.53636,5.770625114,300,0.055732157,1,300,103.5421097,1,110,mutat,201012,SIFT.chr.txt
0,0,88667,0.084559441,300,3.20E-05,1,300,2645.706975,1,1,indiv,147095,chr.tar.gz
1,0,8191.922788,2421.789674,300,16.50751575,1,300,146.7083061,1,309992,indiv,147095,columns.txt
0,0,78127,0.074507713,300,1.78E-05,1,300,4180.894075,1,1,indiv,148064,chr.tar.gz
1,0,8191.921474,2421.758036,300,33.74397692,1,300,71.76860159,1,309988,indiv,148064,ALL.chr.250000.vcf
0,0,79586,0.075899124,300,2.61E-05,1,300,2904.562556,1,1,indiv,148819,chr.tar.gz
1,0,8191.921474,2421.758036,300,34.73352717,1,300,69.72393053,1,309988,indiv,148819,ALL.chr.250000.vcf
0,0,115644,0.110286713,300,2.14E-05,1,300,5153.343893,1,1,indiv,147788,chr.tar.gz
1,0,8191.911931,2421.802089,300,18.71130245,1,300,129.4299045,1,309994,indiv,147788,columns.txt
0,0,98793,0.094216347,300,2.69E-05,1,300,3507.55172,1,1,indiv,148663,chr.tar.gz
1,0,8191.922788,2421.789674,300,22.59754968,1,300,107.1704547,1,309992,indiv,148663,columns.txt
0,0,96343,0.091879845,300,2.25E-05,1,300,4086.999896,1,1,indiv,150168,chr.tar.gz
1,0,8191.922788,2421.789674,300,16.30655743,1,300,148.516306,1,309992,indiv,150168,ALL.chr.250000.vcf
0,0,400.6689531,1.058438301,300,13.44700389,1,300,0.078711831,1,2770,mutat,201500,
1,0,56240.9898,5.256287575,300,0.069853625,1,300,75.2471697,1,98,mutat,201500,columns.txt
0,0,582.7699734,1.669541359,300,8.60903805,1,300,0.193928909,1,3004,freq,157636,chr.tar.gz
1,0,1700.308922,5.070558548,300,0.811355585,1,300,6.249489918,1,3127,freq,157636,SIFT.chr.txt
1,0,32765.35503,1629.024748,300,6.175151464,1,300,263.803205,1,52133,sift,151707,ALL.phase3
0,0,538.1878122,1.541307449,300,0.721196912,1,300,2.137152037,1,3003,freq,188350,chr.tar.gz
1,0,1506.221262,4.486016273,300,0.523142121,1,300,8.57513875,1,3123,freq,188350,columns.txt
0,0,71586,0.06826973,300,1.77E-05,1,300,3857.046871,1,1,indiv,148684,chr.tar.gz
1,0,8191.9288,2422.072699,300,19.83800403,1,300,122.0925601,1,310028,indiv,148684,ALL.chr.250000.vcf
0,0,111713,0.106537819,300,2.35E-05,1,300,4533.331301,1,1,indiv,146467,chr.tar.gz
1,0,8191.911931,2421.802089,300,18.0470902,1,300,134.1934939,1,309994,indiv,146467,columns.txt
0,0,186911.7778,1.604276657,300,0.015175358,1,300,105.7159019,1,9,mutat,224605,chr.tar.gz
1,0,39050.55238,3.910358429,300,0.014916863,1,300,262.1434834,1,105,mutat,224605,chr.tar.gz
0,0,139038.2222,1.193374634,300,0.002662861,1,300,448.155061,1,9,indiv,168317,chr.tar.gz
1,0,36200.78431,3.52142334,300,0.015409967,1,300,228.5159559,1,102,indiv,168317,chr.tar.gz